month,geo,programme,seniority,bucket,n
2026-08,nl,all,all,122500,1
2026-08,nl,all,all,19200,1
2026-08,nl,all,all,30000,1
2026-08,nl,all,all,32500,5
2026-08,nl,all,all,35000,15
2026-08,nl,all,all,37500,3
2026-08,nl,all,all,40000,5
2026-08,nl,all,all,42500,4
2026-08,nl,all,all,45000,5
2026-08,nl,all,all,47500,3
2026-08,nl,all,all,50000,8
2026-08,nl,all,all,52500,9
2026-08,nl,all,all,55000,6
2026-08,nl,all,all,57500,3
2026-08,nl,all,all,60000,5
2026-08,nl,all,all,62500,6
2026-08,nl,all,all,65000,6
2026-08,nl,all,all,67500,1
2026-08,nl,all,all,70000,15
2026-08,nl,all,all,72500,1
2026-08,nl,all,all,75000,3
2026-08,nl,all,all,77500,5
2026-08,nl,all,all,80000,2
2026-08,nl,all,all,82500,15
2026-08,nl,all,all,85000,1
2026-08,nl,all,all,87500,2
2026-08,nl,all,all,95000,2
2026-08,nl,all,junior,30000,1
2026-08,nl,all,junior,32500,1
2026-08,nl,all,junior,35000,1
2026-08,nl,all,junior,37500,2
2026-08,nl,all,junior,65000,1
2026-08,nl,all,medior,45000,3
2026-08,nl,all,medior,50000,1
2026-08,nl,all,medior,52500,1
2026-08,nl,all,medior,65000,1
2026-08,nl,all,medior,70000,2
2026-08,nl,all,senior,122500,1
2026-08,nl,all,senior,50000,4
2026-08,nl,all,senior,52500,1
2026-08,nl,all,senior,55000,2
2026-08,nl,all,senior,57500,2
2026-08,nl,all,senior,62500,2
2026-08,nl,all,senior,65000,3
2026-08,nl,all,senior,70000,3
2026-08,nl,all,senior,75000,2
2026-08,nl,all,senior,77500,4
2026-08,nl,all,senior,80000,1
2026-08,nl,all,senior,82500,3
2026-08,nl,all,senior,85000,1
2026-08,nl,all,senior,95000,2
2026-08,nl,all,unknown,19200,1
2026-08,nl,all,unknown,32500,4
2026-08,nl,all,unknown,35000,14
2026-08,nl,all,unknown,37500,1
2026-08,nl,all,unknown,40000,5
2026-08,nl,all,unknown,42500,4
2026-08,nl,all,unknown,45000,2
2026-08,nl,all,unknown,47500,3
2026-08,nl,all,unknown,50000,3
2026-08,nl,all,unknown,52500,7
2026-08,nl,all,unknown,55000,4
2026-08,nl,all,unknown,57500,1
2026-08,nl,all,unknown,60000,5
2026-08,nl,all,unknown,62500,4
2026-08,nl,all,unknown,65000,1
2026-08,nl,all,unknown,67500,1
2026-08,nl,all,unknown,70000,10
2026-08,nl,all,unknown,72500,1
2026-08,nl,all,unknown,75000,1
2026-08,nl,all,unknown,77500,1
2026-08,nl,all,unknown,80000,1
2026-08,nl,all,unknown,82500,12
2026-08,nl,all,unknown,87500,2
2026-08,nl,business-it-management,all,37500,3
2026-08,nl,business-it-management,all,42500,4
2026-08,nl,business-it-management,all,45000,1
2026-08,nl,business-it-management,all,47500,1
2026-08,nl,business-it-management,all,50000,1
2026-08,nl,business-it-management,all,52500,4
2026-08,nl,business-it-management,all,55000,1
2026-08,nl,business-it-management,all,57500,1
2026-08,nl,business-it-management,all,60000,1
2026-08,nl,business-it-management,all,62500,1
2026-08,nl,business-it-management,all,70000,3
2026-08,nl,business-it-management,all,75000,1
2026-08,nl,business-it-management,all,82500,5
2026-08,nl,business-it-management,all,87500,1
2026-08,nl,business-it-management,junior,37500,2
2026-08,nl,business-it-management,medior,45000,1
2026-08,nl,business-it-management,medior,52500,1
2026-08,nl,business-it-management,medior,70000,1
2026-08,nl,business-it-management,senior,57500,1
2026-08,nl,business-it-management,senior,75000,1
2026-08,nl,business-it-management,senior,82500,1
2026-08,nl,business-it-management,unknown,37500,1
2026-08,nl,business-it-management,unknown,42500,4
2026-08,nl,business-it-management,unknown,47500,1
2026-08,nl,business-it-management,unknown,50000,1
2026-08,nl,business-it-management,unknown,52500,3
2026-08,nl,business-it-management,unknown,55000,1
2026-08,nl,business-it-management,unknown,60000,1
2026-08,nl,business-it-management,unknown,62500,1
2026-08,nl,business-it-management,unknown,70000,2
2026-08,nl,business-it-management,unknown,82500,4
2026-08,nl,business-it-management,unknown,87500,1
2026-08,nl,informatica,all,122500,1
2026-08,nl,informatica,all,30000,1
2026-08,nl,informatica,all,32500,1
2026-08,nl,informatica,all,37500,1
2026-08,nl,informatica,all,40000,1
2026-08,nl,informatica,all,42500,3
2026-08,nl,informatica,all,45000,4
2026-08,nl,informatica,all,47500,2
2026-08,nl,informatica,all,50000,5
2026-08,nl,informatica,all,52500,4
2026-08,nl,informatica,all,55000,2
2026-08,nl,informatica,all,57500,1
2026-08,nl,informatica,all,62500,5
2026-08,nl,informatica,all,65000,5
2026-08,nl,informatica,all,67500,1
2026-08,nl,informatica,all,70000,10
2026-08,nl,informatica,all,72500,1
2026-08,nl,informatica,all,75000,1
2026-08,nl,informatica,all,77500,3
2026-08,nl,informatica,all,80000,2
2026-08,nl,informatica,all,82500,9
2026-08,nl,informatica,all,85000,1
2026-08,nl,informatica,all,95000,1
2026-08,nl,informatica,junior,30000,1
2026-08,nl,informatica,junior,65000,1
2026-08,nl,informatica,medior,45000,3
2026-08,nl,informatica,medior,50000,1
2026-08,nl,informatica,medior,65000,1
2026-08,nl,informatica,medior,70000,1
2026-08,nl,informatica,senior,122500,1
2026-08,nl,informatica,senior,50000,2
2026-08,nl,informatica,senior,52500,1
2026-08,nl,informatica,senior,55000,1
2026-08,nl,informatica,senior,57500,1
2026-08,nl,informatica,senior,62500,2
2026-08,nl,informatica,senior,65000,3
2026-08,nl,informatica,senior,70000,2
2026-08,nl,informatica,senior,77500,2
2026-08,nl,informatica,senior,80000,1
2026-08,nl,informatica,senior,82500,2
2026-08,nl,informatica,senior,85000,1
2026-08,nl,informatica,senior,95000,1
2026-08,nl,informatica,unknown,32500,1
2026-08,nl,informatica,unknown,37500,1
2026-08,nl,informatica,unknown,40000,1
2026-08,nl,informatica,unknown,42500,3
2026-08,nl,informatica,unknown,45000,1
2026-08,nl,informatica,unknown,47500,2
2026-08,nl,informatica,unknown,50000,2
2026-08,nl,informatica,unknown,52500,3
2026-08,nl,informatica,unknown,55000,1
2026-08,nl,informatica,unknown,62500,3
2026-08,nl,informatica,unknown,67500,1
2026-08,nl,informatica,unknown,70000,7
2026-08,nl,informatica,unknown,72500,1
2026-08,nl,informatica,unknown,75000,1
2026-08,nl,informatica,unknown,77500,1
2026-08,nl,informatica,unknown,80000,1
2026-08,nl,informatica,unknown,82500,7
2026-08,nl,technische-informatica,all,55000,1
2026-08,nl,technische-informatica,all,80000,1
2026-08,nl,technische-informatica,all,87500,1
2026-08,nl,technische-informatica,senior,80000,1
2026-08,nl,technische-informatica,unknown,55000,1
2026-08,nl,technische-informatica,unknown,87500,1
2026-08,p:friesland,all,all,30000,1
2026-08,p:friesland,all,all,35000,1
2026-08,p:friesland,all,junior,30000,1
2026-08,p:friesland,all,junior,35000,1
2026-08,p:friesland,informatica,all,30000,1
2026-08,p:friesland,informatica,junior,30000,1
2026-08,p:gelderland,all,all,35000,1
2026-08,p:gelderland,all,all,42500,1
2026-08,p:gelderland,all,all,47500,1
2026-08,p:gelderland,all,all,62500,1
2026-08,p:gelderland,all,all,70000,1
2026-08,p:gelderland,all,senior,62500,1
2026-08,p:gelderland,all,senior,70000,1
2026-08,p:gelderland,all,unknown,35000,1
2026-08,p:gelderland,all,unknown,42500,1
2026-08,p:gelderland,all,unknown,47500,1
2026-08,p:gelderland,business-it-management,all,42500,1
2026-08,p:gelderland,business-it-management,all,47500,1
2026-08,p:gelderland,business-it-management,unknown,42500,1
2026-08,p:gelderland,business-it-management,unknown,47500,1
2026-08,p:gelderland,informatica,all,42500,1
2026-08,p:gelderland,informatica,all,62500,1
2026-08,p:gelderland,informatica,all,70000,1
2026-08,p:gelderland,informatica,senior,62500,1
2026-08,p:gelderland,informatica,senior,70000,1
2026-08,p:gelderland,informatica,unknown,42500,1
2026-08,p:limburg,all,all,55000,1
2026-08,p:limburg,all,all,57500,1
2026-08,p:limburg,all,all,87500,2
2026-08,p:limburg,all,senior,57500,1
2026-08,p:limburg,all,unknown,55000,1
2026-08,p:limburg,all,unknown,87500,2
2026-08,p:limburg,business-it-management,all,57500,1
2026-08,p:limburg,business-it-management,all,87500,1
2026-08,p:limburg,business-it-management,senior,57500,1
2026-08,p:limburg,business-it-management,unknown,87500,1
2026-08,p:limburg,technische-informatica,all,87500,1
2026-08,p:limburg,technische-informatica,unknown,87500,1
2026-08,p:noord-brabant,all,all,35000,3
2026-08,p:noord-brabant,all,all,40000,1
2026-08,p:noord-brabant,all,all,45000,1
2026-08,p:noord-brabant,all,all,47500,1
2026-08,p:noord-brabant,all,all,52500,1
2026-08,p:noord-brabant,all,all,55000,1
2026-08,p:noord-brabant,all,all,62500,1
2026-08,p:noord-brabant,all,all,65000,2
2026-08,p:noord-brabant,all,all,75000,1
2026-08,p:noord-brabant,all,all,77500,1
2026-08,p:noord-brabant,all,medior,45000,1
2026-08,p:noord-brabant,all,senior,55000,1
2026-08,p:noord-brabant,all,senior,62500,1
2026-08,p:noord-brabant,all,senior,65000,2
2026-08,p:noord-brabant,all,senior,75000,1
2026-08,p:noord-brabant,all,senior,77500,1
2026-08,p:noord-brabant,all,unknown,35000,3
2026-08,p:noord-brabant,all,unknown,40000,1
2026-08,p:noord-brabant,all,unknown,47500,1
2026-08,p:noord-brabant,all,unknown,52500,1
2026-08,p:noord-brabant,business-it-management,all,52500,1
2026-08,p:noord-brabant,business-it-management,all,75000,1
2026-08,p:noord-brabant,business-it-management,senior,75000,1
2026-08,p:noord-brabant,business-it-management,unknown,52500,1
2026-08,p:noord-brabant,informatica,all,40000,1
2026-08,p:noord-brabant,informatica,all,45000,1
2026-08,p:noord-brabant,informatica,all,47500,1
2026-08,p:noord-brabant,informatica,all,55000,1
2026-08,p:noord-brabant,informatica,all,62500,1
2026-08,p:noord-brabant,informatica,all,65000,2
2026-08,p:noord-brabant,informatica,medior,45000,1
2026-08,p:noord-brabant,informatica,senior,55000,1
2026-08,p:noord-brabant,informatica,senior,62500,1
2026-08,p:noord-brabant,informatica,senior,65000,2
2026-08,p:noord-brabant,informatica,unknown,40000,1
2026-08,p:noord-brabant,informatica,unknown,47500,1
2026-08,p:noord-holland,all,all,32500,2
2026-08,p:noord-holland,all,all,35000,3
2026-08,p:noord-holland,all,all,45000,2
2026-08,p:noord-holland,all,all,50000,1
2026-08,p:noord-holland,all,all,55000,1
2026-08,p:noord-holland,all,all,60000,1
2026-08,p:noord-holland,all,all,62500,3
2026-08,p:noord-holland,all,all,65000,1
2026-08,p:noord-holland,all,all,67500,1
2026-08,p:noord-holland,all,all,70000,1
2026-08,p:noord-holland,all,all,77500,1
2026-08,p:noord-holland,all,all,82500,2
2026-08,p:noord-holland,all,all,85000,1
2026-08,p:noord-holland,all,junior,32500,1
2026-08,p:noord-holland,all,medior,45000,2
2026-08,p:noord-holland,all,medior,50000,1
2026-08,p:noord-holland,all,senior,65000,1
2026-08,p:noord-holland,all,senior,70000,1
2026-08,p:noord-holland,all,senior,77500,1
2026-08,p:noord-holland,all,senior,82500,2
2026-08,p:noord-holland,all,senior,85000,1
2026-08,p:noord-holland,all,unknown,32500,1
2026-08,p:noord-holland,all,unknown,35000,3
2026-08,p:noord-holland,all,unknown,55000,1
2026-08,p:noord-holland,all,unknown,60000,1
2026-08,p:noord-holland,all,unknown,62500,3
2026-08,p:noord-holland,all,unknown,67500,1
2026-08,p:noord-holland,business-it-management,all,45000,1
2026-08,p:noord-holland,business-it-management,medior,45000,1
2026-08,p:noord-holland,informatica,all,45000,2
2026-08,p:noord-holland,informatica,all,50000,1
2026-08,p:noord-holland,informatica,all,62500,3
2026-08,p:noord-holland,informatica,all,65000,1
2026-08,p:noord-holland,informatica,all,67500,1
2026-08,p:noord-holland,informatica,all,70000,1
2026-08,p:noord-holland,informatica,all,82500,2
2026-08,p:noord-holland,informatica,all,85000,1
2026-08,p:noord-holland,informatica,medior,45000,2
2026-08,p:noord-holland,informatica,medior,50000,1
2026-08,p:noord-holland,informatica,senior,65000,1
2026-08,p:noord-holland,informatica,senior,70000,1
2026-08,p:noord-holland,informatica,senior,82500,2
2026-08,p:noord-holland,informatica,senior,85000,1
2026-08,p:noord-holland,informatica,unknown,62500,3
2026-08,p:noord-holland,informatica,unknown,67500,1
2026-08,p:overijssel,all,all,19200,1
2026-08,p:overijssel,all,all,32500,1
2026-08,p:overijssel,all,all,35000,1
2026-08,p:overijssel,all,all,47500,1
2026-08,p:overijssel,all,all,50000,1
2026-08,p:overijssel,all,all,55000,1
2026-08,p:overijssel,all,all,70000,1
2026-08,p:overijssel,all,all,75000,1
2026-08,p:overijssel,all,medior,70000,1
2026-08,p:overijssel,all,senior,50000,1
2026-08,p:overijssel,all,senior,55000,1
2026-08,p:overijssel,all,unknown,19200,1
2026-08,p:overijssel,all,unknown,32500,1
2026-08,p:overijssel,all,unknown,35000,1
2026-08,p:overijssel,all,unknown,47500,1
2026-08,p:overijssel,all,unknown,75000,1
2026-08,p:overijssel,business-it-management,all,70000,1
2026-08,p:overijssel,business-it-management,medior,70000,1
2026-08,p:overijssel,informatica,all,47500,1
2026-08,p:overijssel,informatica,all,75000,1
2026-08,p:overijssel,informatica,unknown,47500,1
2026-08,p:overijssel,informatica,unknown,75000,1
2026-08,p:utrecht,all,all,35000,3
2026-08,p:utrecht,all,all,37500,1
2026-08,p:utrecht,all,all,40000,3
2026-08,p:utrecht,all,all,45000,1
2026-08,p:utrecht,all,all,50000,3
2026-08,p:utrecht,all,all,52500,3
2026-08,p:utrecht,all,all,55000,1
2026-08,p:utrecht,all,all,75000,1
2026-08,p:utrecht,all,all,77500,1
2026-08,p:utrecht,all,junior,37500,1
2026-08,p:utrecht,all,senior,50000,3
2026-08,p:utrecht,all,senior,75000,1
2026-08,p:utrecht,all,senior,77500,1
2026-08,p:utrecht,all,unknown,35000,3
2026-08,p:utrecht,all,unknown,40000,3
2026-08,p:utrecht,all,unknown,45000,1
2026-08,p:utrecht,all,unknown,52500,3
2026-08,p:utrecht,all,unknown,55000,1
2026-08,p:utrecht,business-it-management,all,37500,1
2026-08,p:utrecht,business-it-management,junior,37500,1
2026-08,p:utrecht,informatica,all,50000,2
2026-08,p:utrecht,informatica,all,52500,2
2026-08,p:utrecht,informatica,all,77500,1
2026-08,p:utrecht,informatica,senior,50000,2
2026-08,p:utrecht,informatica,senior,77500,1
2026-08,p:utrecht,informatica,unknown,52500,2
2026-08,p:utrecht,technische-informatica,all,55000,1
2026-08,p:utrecht,technische-informatica,unknown,55000,1
2026-08,p:zuid-holland,all,all,35000,3
2026-08,p:zuid-holland,all,all,37500,2
2026-08,p:zuid-holland,all,all,42500,2
2026-08,p:zuid-holland,all,all,45000,1
2026-08,p:zuid-holland,all,all,50000,3
2026-08,p:zuid-holland,all,all,52500,3
2026-08,p:zuid-holland,all,all,55000,1
2026-08,p:zuid-holland,all,all,57500,1
2026-08,p:zuid-holland,all,all,60000,1
2026-08,p:zuid-holland,all,all,62500,1
2026-08,p:zuid-holland,all,all,65000,1
2026-08,p:zuid-holland,all,all,70000,1
2026-08,p:zuid-holland,all,all,72500,1
2026-08,p:zuid-holland,all,all,77500,1
2026-08,p:zuid-holland,all,all,80000,1
2026-08,p:zuid-holland,all,all,95000,1
2026-08,p:zuid-holland,all,junior,37500,1
2026-08,p:zuid-holland,all,junior,65000,1
2026-08,p:zuid-holland,all,senior,52500,1
2026-08,p:zuid-holland,all,senior,57500,1
2026-08,p:zuid-holland,all,senior,77500,1
2026-08,p:zuid-holland,all,senior,95000,1
2026-08,p:zuid-holland,all,unknown,35000,3
2026-08,p:zuid-holland,all,unknown,37500,1
2026-08,p:zuid-holland,all,unknown,42500,2
2026-08,p:zuid-holland,all,unknown,45000,1
2026-08,p:zuid-holland,all,unknown,50000,3
2026-08,p:zuid-holland,all,unknown,52500,2
2026-08,p:zuid-holland,all,unknown,55000,1
2026-08,p:zuid-holland,all,unknown,60000,1
2026-08,p:zuid-holland,all,unknown,62500,1
2026-08,p:zuid-holland,all,unknown,70000,1
2026-08,p:zuid-holland,all,unknown,72500,1
2026-08,p:zuid-holland,all,unknown,80000,1
2026-08,p:zuid-holland,business-it-management,all,37500,2
2026-08,p:zuid-holland,business-it-management,all,42500,2
2026-08,p:zuid-holland,business-it-management,all,50000,1
2026-08,p:zuid-holland,business-it-management,all,52500,1
2026-08,p:zuid-holland,business-it-management,all,55000,1
2026-08,p:zuid-holland,business-it-management,all,62500,1
2026-08,p:zuid-holland,business-it-management,junior,37500,1
2026-08,p:zuid-holland,business-it-management,unknown,37500,1
2026-08,p:zuid-holland,business-it-management,unknown,42500,2
2026-08,p:zuid-holland,business-it-management,unknown,50000,1
2026-08,p:zuid-holland,business-it-management,unknown,52500,1
2026-08,p:zuid-holland,business-it-management,unknown,55000,1
2026-08,p:zuid-holland,business-it-management,unknown,62500,1
2026-08,p:zuid-holland,informatica,all,37500,1
2026-08,p:zuid-holland,informatica,all,42500,1
2026-08,p:zuid-holland,informatica,all,45000,1
2026-08,p:zuid-holland,informatica,all,50000,2
2026-08,p:zuid-holland,informatica,all,52500,2
2026-08,p:zuid-holland,informatica,all,55000,1
2026-08,p:zuid-holland,informatica,all,57500,1
2026-08,p:zuid-holland,informatica,all,65000,1
2026-08,p:zuid-holland,informatica,all,70000,1
2026-08,p:zuid-holland,informatica,all,72500,1
2026-08,p:zuid-holland,informatica,all,77500,1
2026-08,p:zuid-holland,informatica,all,80000,1
2026-08,p:zuid-holland,informatica,all,95000,1
2026-08,p:zuid-holland,informatica,junior,65000,1
2026-08,p:zuid-holland,informatica,senior,52500,1
2026-08,p:zuid-holland,informatica,senior,57500,1
2026-08,p:zuid-holland,informatica,senior,77500,1
2026-08,p:zuid-holland,informatica,senior,95000,1
2026-08,p:zuid-holland,informatica,unknown,37500,1
2026-08,p:zuid-holland,informatica,unknown,42500,1
2026-08,p:zuid-holland,informatica,unknown,45000,1
2026-08,p:zuid-holland,informatica,unknown,50000,2
2026-08,p:zuid-holland,informatica,unknown,52500,1
2026-08,p:zuid-holland,informatica,unknown,55000,1
2026-08,p:zuid-holland,informatica,unknown,70000,1
2026-08,p:zuid-holland,informatica,unknown,72500,1
2026-08,p:zuid-holland,informatica,unknown,80000,1
2026-08,r:amersfoort,all,all,35000,1
2026-08,r:amersfoort,all,all,37500,1
2026-08,r:amersfoort,all,all,40000,1
2026-08,r:amersfoort,all,all,47500,1
2026-08,r:amersfoort,all,all,52500,3
2026-08,r:amersfoort,all,all,75000,1
2026-08,r:amersfoort,all,junior,37500,1
2026-08,r:amersfoort,all,senior,75000,1
2026-08,r:amersfoort,all,unknown,35000,1
2026-08,r:amersfoort,all,unknown,40000,1
2026-08,r:amersfoort,all,unknown,47500,1
2026-08,r:amersfoort,all,unknown,52500,3
2026-08,r:amersfoort,business-it-management,all,37500,1
2026-08,r:amersfoort,business-it-management,all,47500,1
2026-08,r:amersfoort,business-it-management,junior,37500,1
2026-08,r:amersfoort,business-it-management,unknown,47500,1
2026-08,r:amersfoort,informatica,all,52500,2
2026-08,r:amersfoort,informatica,unknown,52500,2
2026-08,r:drechtsteden,all,all,42500,1
2026-08,r:drechtsteden,all,unknown,42500,1
2026-08,r:drechtsteden,business-it-management,all,42500,1
2026-08,r:drechtsteden,business-it-management,unknown,42500,1
2026-08,r:friesland,all,all,30000,1
2026-08,r:friesland,all,all,35000,1
2026-08,r:friesland,all,junior,30000,1
2026-08,r:friesland,all,junior,35000,1
2026-08,r:friesland,informatica,all,30000,1
2026-08,r:friesland,informatica,junior,30000,1
2026-08,r:gooi-vechtstreek,all,all,45000,1
2026-08,r:gooi-vechtstreek,all,medior,45000,1
2026-08,r:gooi-vechtstreek,business-it-management,all,45000,1
2026-08,r:gooi-vechtstreek,business-it-management,medior,45000,1
2026-08,r:gooi-vechtstreek,informatica,all,45000,1
2026-08,r:gooi-vechtstreek,informatica,medior,45000,1
2026-08,r:groot-amsterdam,all,all,32500,2
2026-08,r:groot-amsterdam,all,all,35000,3
2026-08,r:groot-amsterdam,all,all,45000,1
2026-08,r:groot-amsterdam,all,all,50000,1
2026-08,r:groot-amsterdam,all,all,55000,1
2026-08,r:groot-amsterdam,all,all,60000,1
2026-08,r:groot-amsterdam,all,all,62500,2
2026-08,r:groot-amsterdam,all,all,67500,1
2026-08,r:groot-amsterdam,all,all,70000,1
2026-08,r:groot-amsterdam,all,all,82500,2
2026-08,r:groot-amsterdam,all,all,85000,1
2026-08,r:groot-amsterdam,all,junior,32500,1
2026-08,r:groot-amsterdam,all,medior,45000,1
2026-08,r:groot-amsterdam,all,medior,50000,1
2026-08,r:groot-amsterdam,all,senior,70000,1
2026-08,r:groot-amsterdam,all,senior,82500,2
2026-08,r:groot-amsterdam,all,senior,85000,1
2026-08,r:groot-amsterdam,all,unknown,32500,1
2026-08,r:groot-amsterdam,all,unknown,35000,3
2026-08,r:groot-amsterdam,all,unknown,55000,1
2026-08,r:groot-amsterdam,all,unknown,60000,1
2026-08,r:groot-amsterdam,all,unknown,62500,2
2026-08,r:groot-amsterdam,all,unknown,67500,1
2026-08,r:groot-amsterdam,informatica,all,45000,1
2026-08,r:groot-amsterdam,informatica,all,50000,1
2026-08,r:groot-amsterdam,informatica,all,62500,2
2026-08,r:groot-amsterdam,informatica,all,67500,1
2026-08,r:groot-amsterdam,informatica,all,70000,1
2026-08,r:groot-amsterdam,informatica,all,82500,2
2026-08,r:groot-amsterdam,informatica,all,85000,1
2026-08,r:groot-amsterdam,informatica,medior,45000,1
2026-08,r:groot-amsterdam,informatica,medior,50000,1
2026-08,r:groot-amsterdam,informatica,senior,70000,1
2026-08,r:groot-amsterdam,informatica,senior,82500,2
2026-08,r:groot-amsterdam,informatica,senior,85000,1
2026-08,r:groot-amsterdam,informatica,unknown,62500,2
2026-08,r:groot-amsterdam,informatica,unknown,67500,1
2026-08,r:haaglanden,all,all,37500,1
2026-08,r:haaglanden,all,all,50000,1
2026-08,r:haaglanden,all,all,52500,2
2026-08,r:haaglanden,all,all,60000,1
2026-08,r:haaglanden,all,all,80000,1
2026-08,r:haaglanden,all,senior,52500,1
2026-08,r:haaglanden,all,unknown,37500,1
2026-08,r:haaglanden,all,unknown,50000,1
2026-08,r:haaglanden,all,unknown,52500,1
2026-08,r:haaglanden,all,unknown,60000,1
2026-08,r:haaglanden,all,unknown,80000,1
2026-08,r:haaglanden,business-it-management,all,37500,1
2026-08,r:haaglanden,business-it-management,all,50000,1
2026-08,r:haaglanden,business-it-management,unknown,37500,1
2026-08,r:haaglanden,business-it-management,unknown,50000,1
2026-08,r:haaglanden,informatica,all,37500,1
2026-08,r:haaglanden,informatica,all,52500,2
2026-08,r:haaglanden,informatica,all,80000,1
2026-08,r:haaglanden,informatica,senior,52500,1
2026-08,r:haaglanden,informatica,unknown,37500,1
2026-08,r:haaglanden,informatica,unknown,52500,1
2026-08,r:haaglanden,informatica,unknown,80000,1
2026-08,r:helmond-de-peel,all,all,47500,1
2026-08,r:helmond-de-peel,all,unknown,47500,1
2026-08,r:helmond-de-peel,informatica,all,47500,1
2026-08,r:helmond-de-peel,informatica,unknown,47500,1
2026-08,r:holland-rijnland,all,all,57500,1
2026-08,r:holland-rijnland,all,senior,57500,1
2026-08,r:holland-rijnland,informatica,all,57500,1
2026-08,r:holland-rijnland,informatica,senior,57500,1
2026-08,r:midden-brabant,all,all,45000,1
2026-08,r:midden-brabant,all,medior,45000,1
2026-08,r:midden-brabant,informatica,all,45000,1
2026-08,r:midden-brabant,informatica,medior,45000,1
2026-08,r:midden-gelderland,all,all,35000,1
2026-08,r:midden-gelderland,all,all,42500,1
2026-08,r:midden-gelderland,all,all,62500,1
2026-08,r:midden-gelderland,all,all,70000,1
2026-08,r:midden-gelderland,all,senior,62500,1
2026-08,r:midden-gelderland,all,senior,70000,1
2026-08,r:midden-gelderland,all,unknown,35000,1
2026-08,r:midden-gelderland,all,unknown,42500,1
2026-08,r:midden-gelderland,business-it-management,all,42500,1
2026-08,r:midden-gelderland,business-it-management,unknown,42500,1
2026-08,r:midden-gelderland,informatica,all,42500,1
2026-08,r:midden-gelderland,informatica,all,62500,1
2026-08,r:midden-gelderland,informatica,all,70000,1
2026-08,r:midden-gelderland,informatica,senior,62500,1
2026-08,r:midden-gelderland,informatica,senior,70000,1
2026-08,r:midden-gelderland,informatica,unknown,42500,1
2026-08,r:midden-holland,all,all,45000,1
2026-08,r:midden-holland,all,all,55000,1
2026-08,r:midden-holland,all,unknown,45000,1
2026-08,r:midden-holland,all,unknown,55000,1
2026-08,r:midden-holland,business-it-management,all,55000,1
2026-08,r:midden-holland,business-it-management,unknown,55000,1
2026-08,r:midden-holland,informatica,all,45000,1
2026-08,r:midden-holland,informatica,all,55000,1
2026-08,r:midden-holland,informatica,unknown,45000,1
2026-08,r:midden-holland,informatica,unknown,55000,1
2026-08,r:midden-utrecht,all,all,35000,2
2026-08,r:midden-utrecht,all,all,40000,2
2026-08,r:midden-utrecht,all,all,45000,1
2026-08,r:midden-utrecht,all,all,50000,3
2026-08,r:midden-utrecht,all,all,55000,1
2026-08,r:midden-utrecht,all,all,77500,1
2026-08,r:midden-utrecht,all,senior,50000,3
2026-08,r:midden-utrecht,all,senior,77500,1
2026-08,r:midden-utrecht,all,unknown,35000,2
2026-08,r:midden-utrecht,all,unknown,40000,2
2026-08,r:midden-utrecht,all,unknown,45000,1
2026-08,r:midden-utrecht,all,unknown,55000,1
2026-08,r:midden-utrecht,informatica,all,50000,2
2026-08,r:midden-utrecht,informatica,all,77500,1
2026-08,r:midden-utrecht,informatica,senior,50000,2
2026-08,r:midden-utrecht,informatica,senior,77500,1
2026-08,r:midden-utrecht,technische-informatica,all,55000,1
2026-08,r:midden-utrecht,technische-informatica,unknown,55000,1
2026-08,r:noord-limburg,all,all,87500,1
2026-08,r:noord-limburg,all,unknown,87500,1
2026-08,r:noord-limburg,business-it-management,all,87500,1
2026-08,r:noord-limburg,business-it-management,unknown,87500,1
2026-08,r:noordoost-brabant,all,all,35000,1
2026-08,r:noordoost-brabant,all,all,52500,1
2026-08,r:noordoost-brabant,all,all,62500,1
2026-08,r:noordoost-brabant,all,all,75000,1
2026-08,r:noordoost-brabant,all,all,77500,1
2026-08,r:noordoost-brabant,all,senior,62500,1
2026-08,r:noordoost-brabant,all,senior,75000,1
2026-08,r:noordoost-brabant,all,senior,77500,1
2026-08,r:noordoost-brabant,all,unknown,35000,1
2026-08,r:noordoost-brabant,all,unknown,52500,1
2026-08,r:noordoost-brabant,business-it-management,all,52500,1
2026-08,r:noordoost-brabant,business-it-management,all,75000,1
2026-08,r:noordoost-brabant,business-it-management,senior,75000,1
2026-08,r:noordoost-brabant,business-it-management,unknown,52500,1
2026-08,r:noordoost-brabant,informatica,all,62500,1
2026-08,r:noordoost-brabant,informatica,senior,62500,1
2026-08,r:regio-zwolle,all,all,19200,1
2026-08,r:regio-zwolle,all,all,32500,1
2026-08,r:regio-zwolle,all,all,47500,1
2026-08,r:regio-zwolle,all,unknown,19200,1
2026-08,r:regio-zwolle,all,unknown,32500,1
2026-08,r:regio-zwolle,all,unknown,47500,1
2026-08,r:regio-zwolle,informatica,all,47500,1
2026-08,r:regio-zwolle,informatica,unknown,47500,1
2026-08,r:rijnmond,all,all,35000,3
2026-08,r:rijnmond,all,all,42500,1
2026-08,r:rijnmond,all,all,50000,2
2026-08,r:rijnmond,all,all,62500,1
2026-08,r:rijnmond,all,all,65000,1
2026-08,r:rijnmond,all,all,70000,1
2026-08,r:rijnmond,all,all,77500,1
2026-08,r:rijnmond,all,junior,65000,1
2026-08,r:rijnmond,all,senior,77500,1
2026-08,r:rijnmond,all,unknown,35000,3
2026-08,r:rijnmond,all,unknown,42500,1
2026-08,r:rijnmond,all,unknown,50000,2
2026-08,r:rijnmond,all,unknown,62500,1
2026-08,r:rijnmond,all,unknown,70000,1
2026-08,r:rijnmond,business-it-management,all,42500,1
2026-08,r:rijnmond,business-it-management,all,62500,1
2026-08,r:rijnmond,business-it-management,unknown,42500,1
2026-08,r:rijnmond,business-it-management,unknown,62500,1
2026-08,r:rijnmond,informatica,all,42500,1
2026-08,r:rijnmond,informatica,all,50000,2
2026-08,r:rijnmond,informatica,all,65000,1
2026-08,r:rijnmond,informatica,all,70000,1
2026-08,r:rijnmond,informatica,all,77500,1
2026-08,r:rijnmond,informatica,junior,65000,1
2026-08,r:rijnmond,informatica,senior,77500,1
2026-08,r:rijnmond,informatica,unknown,42500,1
2026-08,r:rijnmond,informatica,unknown,50000,2
2026-08,r:rijnmond,informatica,unknown,70000,1
2026-08,r:stedendriehoek,all,all,50000,1
2026-08,r:stedendriehoek,all,senior,50000,1
2026-08,r:twente,all,all,35000,1
2026-08,r:twente,all,all,75000,1
2026-08,r:twente,all,unknown,35000,1
2026-08,r:twente,all,unknown,75000,1
2026-08,r:twente,informatica,all,75000,1
2026-08,r:twente,informatica,unknown,75000,1
2026-08,r:west-brabant,all,all,65000,1
2026-08,r:west-brabant,all,senior,65000,1
2026-08,r:west-brabant,informatica,all,65000,1
2026-08,r:west-brabant,informatica,senior,65000,1
2026-08,r:zuid-holland-centraal,all,all,37500,1
2026-08,r:zuid-holland-centraal,all,all,52500,1
2026-08,r:zuid-holland-centraal,all,all,72500,1
2026-08,r:zuid-holland-centraal,all,all,95000,1
2026-08,r:zuid-holland-centraal,all,junior,37500,1
2026-08,r:zuid-holland-centraal,all,senior,95000,1
2026-08,r:zuid-holland-centraal,all,unknown,52500,1
2026-08,r:zuid-holland-centraal,all,unknown,72500,1
2026-08,r:zuid-holland-centraal,business-it-management,all,37500,1
2026-08,r:zuid-holland-centraal,business-it-management,all,52500,1
2026-08,r:zuid-holland-centraal,business-it-management,junior,37500,1
2026-08,r:zuid-holland-centraal,business-it-management,unknown,52500,1
2026-08,r:zuid-holland-centraal,informatica,all,72500,1
2026-08,r:zuid-holland-centraal,informatica,all,95000,1
2026-08,r:zuid-holland-centraal,informatica,senior,95000,1
2026-08,r:zuid-holland-centraal,informatica,unknown,72500,1
2026-08,r:zuid-kennemerland-ijmond,all,all,65000,1
2026-08,r:zuid-kennemerland-ijmond,all,senior,65000,1
2026-08,r:zuid-kennemerland-ijmond,informatica,all,65000,1
2026-08,r:zuid-kennemerland-ijmond,informatica,senior,65000,1
2026-08,r:zuid-limburg,all,all,87500,1
2026-08,r:zuid-limburg,all,unknown,87500,1
2026-08,r:zuid-limburg,technische-informatica,all,87500,1
2026-08,r:zuid-limburg,technische-informatica,unknown,87500,1
2026-08,r:zuidoost-brabant,all,all,35000,2
2026-08,r:zuidoost-brabant,all,all,40000,1
2026-08,r:zuidoost-brabant,all,all,55000,1
2026-08,r:zuidoost-brabant,all,senior,55000,1
2026-08,r:zuidoost-brabant,all,unknown,35000,2
2026-08,r:zuidoost-brabant,all,unknown,40000,1
2026-08,r:zuidoost-brabant,informatica,all,40000,1
2026-08,r:zuidoost-brabant,informatica,all,55000,1
2026-08,r:zuidoost-brabant,informatica,senior,55000,1
2026-08,r:zuidoost-brabant,informatica,unknown,40000,1
2026-09,nl,all,all,100000,1
2026-09,nl,all,all,102500,3
2026-09,nl,all,all,110000,1
2026-09,nl,all,all,112500,1
2026-09,nl,all,all,115000,3
2026-09,nl,all,all,12000,1
2026-09,nl,all,all,120000,2
2026-09,nl,all,all,125000,1
2026-09,nl,all,all,12600,1
2026-09,nl,all,all,13800,1
2026-09,nl,all,all,142500,1
2026-09,nl,all,all,14400,1
2026-09,nl,all,all,16200,9
2026-09,nl,all,all,175000,1
2026-09,nl,all,all,177500,1
2026-09,nl,all,all,18000,1
2026-09,nl,all,all,197500,1
2026-09,nl,all,all,200000,3
2026-09,nl,all,all,202500,1
2026-09,nl,all,all,207500,2
2026-09,nl,all,all,24000,6
2026-09,nl,all,all,28200,3
2026-09,nl,all,all,30000,19
2026-09,nl,all,all,32500,11
2026-09,nl,all,all,35000,31
2026-09,nl,all,all,37500,20
2026-09,nl,all,all,40000,11
2026-09,nl,all,all,42500,9
2026-09,nl,all,all,45000,25
2026-09,nl,all,all,47500,23
2026-09,nl,all,all,50000,36
2026-09,nl,all,all,52500,30
2026-09,nl,all,all,55000,38
2026-09,nl,all,all,57500,18
2026-09,nl,all,all,60000,46
2026-09,nl,all,all,62500,22
2026-09,nl,all,all,65000,29
2026-09,nl,all,all,67500,29
2026-09,nl,all,all,70000,29
2026-09,nl,all,all,72500,16
2026-09,nl,all,all,75000,21
2026-09,nl,all,all,77500,18
2026-09,nl,all,all,80000,9
2026-09,nl,all,all,82500,8
2026-09,nl,all,all,85000,14
2026-09,nl,all,all,87500,7
2026-09,nl,all,all,90000,10
2026-09,nl,all,all,92500,2
2026-09,nl,all,all,95000,5
2026-09,nl,all,all,97500,2
2026-09,nl,all,junior,16200,1
2026-09,nl,all,junior,28200,3
2026-09,nl,all,junior,30000,13
2026-09,nl,all,junior,32500,5
2026-09,nl,all,junior,35000,1
2026-09,nl,all,junior,37500,3
2026-09,nl,all,junior,40000,2
2026-09,nl,all,junior,45000,4
2026-09,nl,all,junior,47500,1
2026-09,nl,all,junior,52500,1
2026-09,nl,all,junior,55000,1
2026-09,nl,all,junior,60000,1
2026-09,nl,all,junior,70000,2
2026-09,nl,all,junior,82500,1
2026-09,nl,all,junior,90000,1
2026-09,nl,all,medior,16200,2
2026-09,nl,all,medior,32500,1
2026-09,nl,all,medior,37500,4
2026-09,nl,all,medior,45000,1
2026-09,nl,all,medior,47500,1
2026-09,nl,all,medior,50000,2
2026-09,nl,all,medior,52500,1
2026-09,nl,all,medior,55000,5
2026-09,nl,all,medior,57500,3
2026-09,nl,all,medior,60000,2
2026-09,nl,all,medior,65000,2
2026-09,nl,all,medior,67500,2
2026-09,nl,all,medior,70000,2
2026-09,nl,all,medior,72500,1
2026-09,nl,all,medior,90000,2
2026-09,nl,all,medior,95000,1
2026-09,nl,all,senior,100000,1
2026-09,nl,all,senior,102500,2
2026-09,nl,all,senior,110000,1
2026-09,nl,all,senior,115000,2
2026-09,nl,all,senior,12000,1
2026-09,nl,all,senior,120000,1
2026-09,nl,all,senior,125000,1
2026-09,nl,all,senior,142500,1
2026-09,nl,all,senior,16200,4
2026-09,nl,all,senior,175000,1
2026-09,nl,all,senior,177500,1
2026-09,nl,all,senior,197500,1
2026-09,nl,all,senior,200000,2
2026-09,nl,all,senior,202500,1
2026-09,nl,all,senior,207500,2
2026-09,nl,all,senior,24000,2
2026-09,nl,all,senior,42500,1
2026-09,nl,all,senior,50000,3
2026-09,nl,all,senior,52500,6
2026-09,nl,all,senior,55000,3
2026-09,nl,all,senior,57500,3
2026-09,nl,all,senior,60000,4
2026-09,nl,all,senior,62500,5
2026-09,nl,all,senior,65000,13
2026-09,nl,all,senior,67500,7
2026-09,nl,all,senior,70000,9
2026-09,nl,all,senior,72500,5
2026-09,nl,all,senior,75000,7
2026-09,nl,all,senior,77500,5
2026-09,nl,all,senior,80000,4
2026-09,nl,all,senior,82500,5
2026-09,nl,all,senior,85000,9
2026-09,nl,all,senior,90000,1
2026-09,nl,all,senior,92500,1
2026-09,nl,all,senior,95000,4
2026-09,nl,all,senior,97500,1
2026-09,nl,all,unknown,102500,1
2026-09,nl,all,unknown,112500,1
2026-09,nl,all,unknown,115000,1
2026-09,nl,all,unknown,120000,1
2026-09,nl,all,unknown,12600,1
2026-09,nl,all,unknown,13800,1
2026-09,nl,all,unknown,14400,1
2026-09,nl,all,unknown,16200,2
2026-09,nl,all,unknown,18000,1
2026-09,nl,all,unknown,200000,1
2026-09,nl,all,unknown,24000,4
2026-09,nl,all,unknown,30000,6
2026-09,nl,all,unknown,32500,5
2026-09,nl,all,unknown,35000,30
2026-09,nl,all,unknown,37500,13
2026-09,nl,all,unknown,40000,9
2026-09,nl,all,unknown,42500,8
2026-09,nl,all,unknown,45000,20
2026-09,nl,all,unknown,47500,21
2026-09,nl,all,unknown,50000,31
2026-09,nl,all,unknown,52500,22
2026-09,nl,all,unknown,55000,29
2026-09,nl,all,unknown,57500,12
2026-09,nl,all,unknown,60000,39
2026-09,nl,all,unknown,62500,17
2026-09,nl,all,unknown,65000,14
2026-09,nl,all,unknown,67500,20
2026-09,nl,all,unknown,70000,16
2026-09,nl,all,unknown,72500,10
2026-09,nl,all,unknown,75000,14
2026-09,nl,all,unknown,77500,13
2026-09,nl,all,unknown,80000,5
2026-09,nl,all,unknown,82500,2
2026-09,nl,all,unknown,85000,5
2026-09,nl,all,unknown,87500,7
2026-09,nl,all,unknown,90000,6
2026-09,nl,all,unknown,92500,1
2026-09,nl,all,unknown,97500,1
2026-09,nl,business-it-management,all,102500,1
2026-09,nl,business-it-management,all,16200,2
2026-09,nl,business-it-management,all,28200,3
2026-09,nl,business-it-management,all,30000,6
2026-09,nl,business-it-management,all,32500,2
2026-09,nl,business-it-management,all,35000,2
2026-09,nl,business-it-management,all,37500,5
2026-09,nl,business-it-management,all,40000,3
2026-09,nl,business-it-management,all,42500,2
2026-09,nl,business-it-management,all,45000,3
2026-09,nl,business-it-management,all,47500,9
2026-09,nl,business-it-management,all,50000,8
2026-09,nl,business-it-management,all,52500,5
2026-09,nl,business-it-management,all,55000,7
2026-09,nl,business-it-management,all,57500,4
2026-09,nl,business-it-management,all,60000,20
2026-09,nl,business-it-management,all,62500,9
2026-09,nl,business-it-management,all,65000,8
2026-09,nl,business-it-management,all,67500,12
2026-09,nl,business-it-management,all,70000,7
2026-09,nl,business-it-management,all,72500,6
2026-09,nl,business-it-management,all,75000,6
2026-09,nl,business-it-management,all,77500,7
2026-09,nl,business-it-management,all,85000,2
2026-09,nl,business-it-management,all,87500,1
2026-09,nl,business-it-management,all,90000,2
2026-09,nl,business-it-management,junior,16200,1
2026-09,nl,business-it-management,junior,28200,3
2026-09,nl,business-it-management,junior,30000,6
2026-09,nl,business-it-management,junior,32500,2
2026-09,nl,business-it-management,junior,35000,1
2026-09,nl,business-it-management,junior,37500,2
2026-09,nl,business-it-management,junior,40000,1
2026-09,nl,business-it-management,junior,45000,1
2026-09,nl,business-it-management,junior,52500,1
2026-09,nl,business-it-management,medior,47500,1
2026-09,nl,business-it-management,medior,55000,3
2026-09,nl,business-it-management,medior,57500,1
2026-09,nl,business-it-management,medior,65000,1
2026-09,nl,business-it-management,medior,67500,2
2026-09,nl,business-it-management,medior,70000,1
2026-09,nl,business-it-management,senior,102500,1
2026-09,nl,business-it-management,senior,57500,1
2026-09,nl,business-it-management,senior,62500,4
2026-09,nl,business-it-management,senior,65000,1
2026-09,nl,business-it-management,senior,70000,2
2026-09,nl,business-it-management,senior,75000,2
2026-09,nl,business-it-management,senior,77500,1
2026-09,nl,business-it-management,senior,85000,1
2026-09,nl,business-it-management,unknown,16200,1
2026-09,nl,business-it-management,unknown,35000,1
2026-09,nl,business-it-management,unknown,37500,3
2026-09,nl,business-it-management,unknown,40000,2
2026-09,nl,business-it-management,unknown,42500,2
2026-09,nl,business-it-management,unknown,45000,2
2026-09,nl,business-it-management,unknown,47500,8
2026-09,nl,business-it-management,unknown,50000,8
2026-09,nl,business-it-management,unknown,52500,4
2026-09,nl,business-it-management,unknown,55000,4
2026-09,nl,business-it-management,unknown,57500,2
2026-09,nl,business-it-management,unknown,60000,20
2026-09,nl,business-it-management,unknown,62500,5
2026-09,nl,business-it-management,unknown,65000,6
2026-09,nl,business-it-management,unknown,67500,10
2026-09,nl,business-it-management,unknown,70000,4
2026-09,nl,business-it-management,unknown,72500,6
2026-09,nl,business-it-management,unknown,75000,4
2026-09,nl,business-it-management,unknown,77500,6
2026-09,nl,business-it-management,unknown,85000,1
2026-09,nl,business-it-management,unknown,87500,1
2026-09,nl,business-it-management,unknown,90000,2
2026-09,nl,informatica,all,100000,1
2026-09,nl,informatica,all,102500,1
2026-09,nl,informatica,all,110000,1
2026-09,nl,informatica,all,112500,1
2026-09,nl,informatica,all,115000,3
2026-09,nl,informatica,all,12000,1
2026-09,nl,informatica,all,120000,2
2026-09,nl,informatica,all,125000,1
2026-09,nl,informatica,all,12600,1
2026-09,nl,informatica,all,13800,1
2026-09,nl,informatica,all,142500,1
2026-09,nl,informatica,all,14400,1
2026-09,nl,informatica,all,16200,7
2026-09,nl,informatica,all,175000,1
2026-09,nl,informatica,all,177500,1
2026-09,nl,informatica,all,18000,1
2026-09,nl,informatica,all,200000,2
2026-09,nl,informatica,all,202500,1
2026-09,nl,informatica,all,207500,2
2026-09,nl,informatica,all,24000,4
2026-09,nl,informatica,all,30000,9
2026-09,nl,informatica,all,32500,2
2026-09,nl,informatica,all,35000,8
2026-09,nl,informatica,all,37500,10
2026-09,nl,informatica,all,40000,5
2026-09,nl,informatica,all,42500,3
2026-09,nl,informatica,all,45000,9
2026-09,nl,informatica,all,47500,14
2026-09,nl,informatica,all,50000,21
2026-09,nl,informatica,all,52500,15
2026-09,nl,informatica,all,55000,16
2026-09,nl,informatica,all,57500,11
2026-09,nl,informatica,all,60000,27
2026-09,nl,informatica,all,62500,13
2026-09,nl,informatica,all,65000,19
2026-09,nl,informatica,all,67500,16
2026-09,nl,informatica,all,70000,22
2026-09,nl,informatica,all,72500,8
2026-09,nl,informatica,all,75000,14
2026-09,nl,informatica,all,77500,13
2026-09,nl,informatica,all,80000,6
2026-09,nl,informatica,all,82500,5
2026-09,nl,informatica,all,85000,11
2026-09,nl,informatica,all,87500,6
2026-09,nl,informatica,all,90000,6
2026-09,nl,informatica,all,92500,1
2026-09,nl,informatica,all,95000,5
2026-09,nl,informatica,all,97500,2
2026-09,nl,informatica,junior,30000,6
2026-09,nl,informatica,junior,32500,2
2026-09,nl,informatica,junior,37500,1
2026-09,nl,informatica,junior,40000,1
2026-09,nl,informatica,junior,45000,3
2026-09,nl,informatica,junior,47500,1
2026-09,nl,informatica,junior,55000,1
2026-09,nl,informatica,junior,60000,1
2026-09,nl,informatica,junior,70000,2
2026-09,nl,informatica,junior,90000,1
2026-09,nl,informatica,medior,16200,2
2026-09,nl,informatica,medior,37500,1
2026-09,nl,informatica,medior,45000,1
2026-09,nl,informatica,medior,50000,1
2026-09,nl,informatica,medior,52500,1
2026-09,nl,informatica,medior,55000,3
2026-09,nl,informatica,medior,57500,2
2026-09,nl,informatica,medior,60000,2
2026-09,nl,informatica,medior,65000,1
2026-09,nl,informatica,medior,70000,1
2026-09,nl,informatica,medior,90000,1
2026-09,nl,informatica,medior,95000,1
2026-09,nl,informatica,senior,100000,1
2026-09,nl,informatica,senior,110000,1
2026-09,nl,informatica,senior,115000,2
2026-09,nl,informatica,senior,12000,1
2026-09,nl,informatica,senior,120000,1
2026-09,nl,informatica,senior,125000,1
2026-09,nl,informatica,senior,142500,1
2026-09,nl,informatica,senior,16200,4
2026-09,nl,informatica,senior,175000,1
2026-09,nl,informatica,senior,177500,1
2026-09,nl,informatica,senior,200000,2
2026-09,nl,informatica,senior,202500,1
2026-09,nl,informatica,senior,207500,2
2026-09,nl,informatica,senior,24000,2
2026-09,nl,informatica,senior,50000,1
2026-09,nl,informatica,senior,52500,3
2026-09,nl,informatica,senior,55000,1
2026-09,nl,informatica,senior,57500,1
2026-09,nl,informatica,senior,60000,3
2026-09,nl,informatica,senior,62500,1
2026-09,nl,informatica,senior,65000,11
2026-09,nl,informatica,senior,67500,6
2026-09,nl,informatica,senior,70000,8
2026-09,nl,informatica,senior,72500,5
2026-09,nl,informatica,senior,75000,5
2026-09,nl,informatica,senior,77500,5
2026-09,nl,informatica,senior,80000,2
2026-09,nl,informatica,senior,82500,4
2026-09,nl,informatica,senior,85000,8
2026-09,nl,informatica,senior,90000,1
2026-09,nl,informatica,senior,92500,1
2026-09,nl,informatica,senior,95000,4
2026-09,nl,informatica,senior,97500,1
2026-09,nl,informatica,unknown,102500,1
2026-09,nl,informatica,unknown,112500,1
2026-09,nl,informatica,unknown,115000,1
2026-09,nl,informatica,unknown,120000,1
2026-09,nl,informatica,unknown,12600,1
2026-09,nl,informatica,unknown,13800,1
2026-09,nl,informatica,unknown,14400,1
2026-09,nl,informatica,unknown,16200,1
2026-09,nl,informatica,unknown,18000,1
2026-09,nl,informatica,unknown,24000,2
2026-09,nl,informatica,unknown,30000,3
2026-09,nl,informatica,unknown,35000,8
2026-09,nl,informatica,unknown,37500,8
2026-09,nl,informatica,unknown,40000,4
2026-09,nl,informatica,unknown,42500,3
2026-09,nl,informatica,unknown,45000,5
2026-09,nl,informatica,unknown,47500,13
2026-09,nl,informatica,unknown,50000,19
2026-09,nl,informatica,unknown,52500,11
2026-09,nl,informatica,unknown,55000,11
2026-09,nl,informatica,unknown,57500,8
2026-09,nl,informatica,unknown,60000,21
2026-09,nl,informatica,unknown,62500,12
2026-09,nl,informatica,unknown,65000,7
2026-09,nl,informatica,unknown,67500,10
2026-09,nl,informatica,unknown,70000,11
2026-09,nl,informatica,unknown,72500,3
2026-09,nl,informatica,unknown,75000,9
2026-09,nl,informatica,unknown,77500,8
2026-09,nl,informatica,unknown,80000,4
2026-09,nl,informatica,unknown,82500,1
2026-09,nl,informatica,unknown,85000,3
2026-09,nl,informatica,unknown,87500,6
2026-09,nl,informatica,unknown,90000,3
2026-09,nl,informatica,unknown,97500,1
2026-09,nl,technische-informatica,all,35000,1
2026-09,nl,technische-informatica,all,42500,1
2026-09,nl,technische-informatica,all,45000,3
2026-09,nl,technische-informatica,all,47500,3
2026-09,nl,technische-informatica,all,50000,8
2026-09,nl,technische-informatica,all,52500,5
2026-09,nl,technische-informatica,all,55000,10
2026-09,nl,technische-informatica,all,57500,1
2026-09,nl,technische-informatica,all,60000,3
2026-09,nl,technische-informatica,all,65000,1
2026-09,nl,technische-informatica,all,70000,1
2026-09,nl,technische-informatica,all,77500,1
2026-09,nl,technische-informatica,all,80000,2
2026-09,nl,technische-informatica,all,85000,1
2026-09,nl,technische-informatica,junior,60000,1
2026-09,nl,technische-informatica,senior,52500,1
2026-09,nl,technische-informatica,senior,60000,1
2026-09,nl,technische-informatica,senior,70000,1
2026-09,nl,technische-informatica,senior,80000,1
2026-09,nl,technische-informatica,unknown,35000,1
2026-09,nl,technische-informatica,unknown,42500,1
2026-09,nl,technische-informatica,unknown,45000,3
2026-09,nl,technische-informatica,unknown,47500,3
2026-09,nl,technische-informatica,unknown,50000,8
2026-09,nl,technische-informatica,unknown,52500,4
2026-09,nl,technische-informatica,unknown,55000,10
2026-09,nl,technische-informatica,unknown,57500,1
2026-09,nl,technische-informatica,unknown,60000,1
2026-09,nl,technische-informatica,unknown,65000,1
2026-09,nl,technische-informatica,unknown,77500,1
2026-09,nl,technische-informatica,unknown,80000,1
2026-09,nl,technische-informatica,unknown,85000,1
2026-09,p:drenthe,all,all,42500,1
2026-09,p:drenthe,all,all,50000,3
2026-09,p:drenthe,all,all,52500,1
2026-09,p:drenthe,all,unknown,42500,1
2026-09,p:drenthe,all,unknown,50000,3
2026-09,p:drenthe,all,unknown,52500,1
2026-09,p:drenthe,business-it-management,all,50000,1
2026-09,p:drenthe,business-it-management,all,52500,1
2026-09,p:drenthe,business-it-management,unknown,50000,1
2026-09,p:drenthe,business-it-management,unknown,52500,1
2026-09,p:drenthe,informatica,all,42500,1
2026-09,p:drenthe,informatica,all,50000,2
2026-09,p:drenthe,informatica,all,52500,1
2026-09,p:drenthe,informatica,unknown,42500,1
2026-09,p:drenthe,informatica,unknown,50000,2
2026-09,p:drenthe,informatica,unknown,52500,1
2026-09,p:flevoland,all,all,42500,1
2026-09,p:flevoland,all,all,45000,1
2026-09,p:flevoland,all,unknown,42500,1
2026-09,p:flevoland,all,unknown,45000,1
2026-09,p:flevoland,technische-informatica,all,42500,1
2026-09,p:flevoland,technische-informatica,unknown,42500,1
2026-09,p:friesland,all,all,30000,2
2026-09,p:friesland,all,all,35000,1
2026-09,p:friesland,all,all,50000,3
2026-09,p:friesland,all,all,57500,1
2026-09,p:friesland,all,all,60000,1
2026-09,p:friesland,all,all,77500,2
2026-09,p:friesland,all,junior,30000,2
2026-09,p:friesland,all,senior,77500,1
2026-09,p:friesland,all,unknown,35000,1
2026-09,p:friesland,all,unknown,50000,3
2026-09,p:friesland,all,unknown,57500,1
2026-09,p:friesland,all,unknown,60000,1
2026-09,p:friesland,all,unknown,77500,1
2026-09,p:friesland,business-it-management,all,30000,1
2026-09,p:friesland,business-it-management,all,77500,1
2026-09,p:friesland,business-it-management,junior,30000,1
2026-09,p:friesland,business-it-management,unknown,77500,1
2026-09,p:friesland,informatica,all,30000,1
2026-09,p:friesland,informatica,all,35000,1
2026-09,p:friesland,informatica,all,50000,2
2026-09,p:friesland,informatica,all,57500,1
2026-09,p:friesland,informatica,all,77500,2
2026-09,p:friesland,informatica,junior,30000,1
2026-09,p:friesland,informatica,senior,77500,1
2026-09,p:friesland,informatica,unknown,35000,1
2026-09,p:friesland,informatica,unknown,50000,2
2026-09,p:friesland,informatica,unknown,57500,1
2026-09,p:friesland,informatica,unknown,77500,1
2026-09,p:friesland,technische-informatica,all,50000,3
2026-09,p:friesland,technische-informatica,unknown,50000,3
2026-09,p:gelderland,all,all,35000,5
2026-09,p:gelderland,all,all,37500,1
2026-09,p:gelderland,all,all,40000,4
2026-09,p:gelderland,all,all,42500,2
2026-09,p:gelderland,all,all,45000,7
2026-09,p:gelderland,all,all,47500,3
2026-09,p:gelderland,all,all,50000,3
2026-09,p:gelderland,all,all,52500,2
2026-09,p:gelderland,all,all,55000,3
2026-09,p:gelderland,all,all,57500,1
2026-09,p:gelderland,all,all,60000,4
2026-09,p:gelderland,all,all,62500,2
2026-09,p:gelderland,all,all,65000,2
2026-09,p:gelderland,all,all,67500,2
2026-09,p:gelderland,all,all,70000,3
2026-09,p:gelderland,all,all,72500,2
2026-09,p:gelderland,all,all,75000,3
2026-09,p:gelderland,all,all,77500,1
2026-09,p:gelderland,all,all,82500,1
2026-09,p:gelderland,all,all,90000,1
2026-09,p:gelderland,all,junior,40000,1
2026-09,p:gelderland,all,junior,45000,1
2026-09,p:gelderland,all,medior,52500,1
2026-09,p:gelderland,all,medior,55000,1
2026-09,p:gelderland,all,senior,65000,1
2026-09,p:gelderland,all,senior,67500,2
2026-09,p:gelderland,all,senior,70000,1
2026-09,p:gelderland,all,senior,72500,1
2026-09,p:gelderland,all,senior,75000,2
2026-09,p:gelderland,all,senior,77500,1
2026-09,p:gelderland,all,senior,82500,1
2026-09,p:gelderland,all,senior,90000,1
2026-09,p:gelderland,all,unknown,35000,5
2026-09,p:gelderland,all,unknown,37500,1
2026-09,p:gelderland,all,unknown,40000,3
2026-09,p:gelderland,all,unknown,42500,2
2026-09,p:gelderland,all,unknown,45000,6
2026-09,p:gelderland,all,unknown,47500,3
2026-09,p:gelderland,all,unknown,50000,3
2026-09,p:gelderland,all,unknown,52500,1
2026-09,p:gelderland,all,unknown,55000,2
2026-09,p:gelderland,all,unknown,57500,1
2026-09,p:gelderland,all,unknown,60000,4
2026-09,p:gelderland,all,unknown,62500,2
2026-09,p:gelderland,all,unknown,65000,1
2026-09,p:gelderland,all,unknown,70000,2
2026-09,p:gelderland,all,unknown,72500,1
2026-09,p:gelderland,all,unknown,75000,1
2026-09,p:gelderland,business-it-management,all,42500,1
2026-09,p:gelderland,business-it-management,all,45000,1
2026-09,p:gelderland,business-it-management,all,47500,1
2026-09,p:gelderland,business-it-management,all,50000,1
2026-09,p:gelderland,business-it-management,all,55000,2
2026-09,p:gelderland,business-it-management,all,60000,2
2026-09,p:gelderland,business-it-management,all,62500,1
2026-09,p:gelderland,business-it-management,all,72500,1
2026-09,p:gelderland,business-it-management,junior,45000,1
2026-09,p:gelderland,business-it-management,medior,55000,1
2026-09,p:gelderland,business-it-management,unknown,42500,1
2026-09,p:gelderland,business-it-management,unknown,47500,1
2026-09,p:gelderland,business-it-management,unknown,50000,1
2026-09,p:gelderland,business-it-management,unknown,55000,1
2026-09,p:gelderland,business-it-management,unknown,60000,2
2026-09,p:gelderland,business-it-management,unknown,62500,1
2026-09,p:gelderland,business-it-management,unknown,72500,1
2026-09,p:gelderland,informatica,all,35000,2
2026-09,p:gelderland,informatica,all,40000,1
2026-09,p:gelderland,informatica,all,45000,1
2026-09,p:gelderland,informatica,all,47500,1
2026-09,p:gelderland,informatica,all,50000,1
2026-09,p:gelderland,informatica,all,52500,2
2026-09,p:gelderland,informatica,all,55000,1
2026-09,p:gelderland,informatica,all,57500,1
2026-09,p:gelderland,informatica,all,62500,1
2026-09,p:gelderland,informatica,all,65000,2
2026-09,p:gelderland,informatica,all,67500,2
2026-09,p:gelderland,informatica,all,70000,2
2026-09,p:gelderland,informatica,all,72500,1
2026-09,p:gelderland,informatica,all,75000,3
2026-09,p:gelderland,informatica,all,77500,1
2026-09,p:gelderland,informatica,all,82500,1
2026-09,p:gelderland,informatica,all,90000,1
2026-09,p:gelderland,informatica,medior,52500,1
2026-09,p:gelderland,informatica,senior,65000,1
2026-09,p:gelderland,informatica,senior,67500,2
2026-09,p:gelderland,informatica,senior,70000,1
2026-09,p:gelderland,informatica,senior,72500,1
2026-09,p:gelderland,informatica,senior,75000,2
2026-09,p:gelderland,informatica,senior,77500,1
2026-09,p:gelderland,informatica,senior,82500,1
2026-09,p:gelderland,informatica,senior,90000,1
2026-09,p:gelderland,informatica,unknown,35000,2
2026-09,p:gelderland,informatica,unknown,40000,1
2026-09,p:gelderland,informatica,unknown,45000,1
2026-09,p:gelderland,informatica,unknown,47500,1
2026-09,p:gelderland,informatica,unknown,50000,1
2026-09,p:gelderland,informatica,unknown,52500,1
2026-09,p:gelderland,informatica,unknown,55000,1
2026-09,p:gelderland,informatica,unknown,57500,1
2026-09,p:gelderland,informatica,unknown,62500,1
2026-09,p:gelderland,informatica,unknown,65000,1
2026-09,p:gelderland,informatica,unknown,70000,1
2026-09,p:gelderland,informatica,unknown,75000,1
2026-09,p:gelderland,technische-informatica,all,47500,1
2026-09,p:gelderland,technische-informatica,all,50000,1
2026-09,p:gelderland,technische-informatica,all,55000,1
2026-09,p:gelderland,technische-informatica,unknown,47500,1
2026-09,p:gelderland,technische-informatica,unknown,50000,1
2026-09,p:gelderland,technische-informatica,unknown,55000,1
2026-09,p:groningen,all,all,30000,2
2026-09,p:groningen,all,all,50000,1
2026-09,p:groningen,all,all,60000,1
2026-09,p:groningen,all,all,62500,1
2026-09,p:groningen,all,all,67500,2
2026-09,p:groningen,all,all,70000,1
2026-09,p:groningen,all,all,72500,1
2026-09,p:groningen,all,all,75000,1
2026-09,p:groningen,all,all,77500,1
2026-09,p:groningen,all,all,85000,1
2026-09,p:groningen,all,all,87500,1
2026-09,p:groningen,all,junior,30000,2
2026-09,p:groningen,all,junior,70000,1
2026-09,p:groningen,all,senior,60000,1
2026-09,p:groningen,all,senior,62500,1
2026-09,p:groningen,all,senior,85000,1
2026-09,p:groningen,all,unknown,50000,1
2026-09,p:groningen,all,unknown,67500,2
2026-09,p:groningen,all,unknown,72500,1
2026-09,p:groningen,all,unknown,75000,1
2026-09,p:groningen,all,unknown,77500,1
2026-09,p:groningen,all,unknown,87500,1
2026-09,p:groningen,business-it-management,all,30000,2
2026-09,p:groningen,business-it-management,all,62500,1
2026-09,p:groningen,business-it-management,all,67500,2
2026-09,p:groningen,business-it-management,all,72500,1
2026-09,p:groningen,business-it-management,all,77500,1
2026-09,p:groningen,business-it-management,all,85000,1
2026-09,p:groningen,business-it-management,junior,30000,2
2026-09,p:groningen,business-it-management,senior,62500,1
2026-09,p:groningen,business-it-management,senior,85000,1
2026-09,p:groningen,business-it-management,unknown,67500,2
2026-09,p:groningen,business-it-management,unknown,72500,1
2026-09,p:groningen,business-it-management,unknown,77500,1
2026-09,p:groningen,informatica,all,50000,1
2026-09,p:groningen,informatica,all,62500,1
2026-09,p:groningen,informatica,all,70000,1
2026-09,p:groningen,informatica,all,75000,1
2026-09,p:groningen,informatica,all,87500,1
2026-09,p:groningen,informatica,junior,70000,1
2026-09,p:groningen,informatica,senior,62500,1
2026-09,p:groningen,informatica,unknown,50000,1
2026-09,p:groningen,informatica,unknown,75000,1
2026-09,p:groningen,informatica,unknown,87500,1
2026-09,p:limburg,all,all,102500,1
2026-09,p:limburg,all,all,115000,3
2026-09,p:limburg,all,all,47500,1
2026-09,p:limburg,all,all,50000,1
2026-09,p:limburg,all,all,52500,1
2026-09,p:limburg,all,all,60000,4
2026-09,p:limburg,all,all,77500,1
2026-09,p:limburg,all,all,82500,1
2026-09,p:limburg,all,all,85000,1
2026-09,p:limburg,all,senior,102500,1
2026-09,p:limburg,all,senior,115000,2
2026-09,p:limburg,all,unknown,115000,1
2026-09,p:limburg,all,unknown,47500,1
2026-09,p:limburg,all,unknown,50000,1
2026-09,p:limburg,all,unknown,52500,1
2026-09,p:limburg,all,unknown,60000,4
2026-09,p:limburg,all,unknown,77500,1
2026-09,p:limburg,all,unknown,82500,1
2026-09,p:limburg,all,unknown,85000,1
2026-09,p:limburg,business-it-management,all,102500,1
2026-09,p:limburg,business-it-management,all,50000,1
2026-09,p:limburg,business-it-management,all,60000,2
2026-09,p:limburg,business-it-management,all,85000,1
2026-09,p:limburg,business-it-management,senior,102500,1
2026-09,p:limburg,business-it-management,unknown,50000,1
2026-09,p:limburg,business-it-management,unknown,60000,2
2026-09,p:limburg,business-it-management,unknown,85000,1
2026-09,p:limburg,informatica,all,115000,3
2026-09,p:limburg,informatica,all,47500,1
2026-09,p:limburg,informatica,all,50000,1
2026-09,p:limburg,informatica,all,60000,4
2026-09,p:limburg,informatica,all,77500,1
2026-09,p:limburg,informatica,all,82500,1
2026-09,p:limburg,informatica,senior,115000,2
2026-09,p:limburg,informatica,unknown,115000,1
2026-09,p:limburg,informatica,unknown,47500,1
2026-09,p:limburg,informatica,unknown,50000,1
2026-09,p:limburg,informatica,unknown,60000,4
2026-09,p:limburg,informatica,unknown,77500,1
2026-09,p:limburg,informatica,unknown,82500,1
2026-09,p:limburg,technische-informatica,all,47500,1
2026-09,p:limburg,technische-informatica,all,52500,1
2026-09,p:limburg,technische-informatica,unknown,47500,1
2026-09,p:limburg,technische-informatica,unknown,52500,1
2026-09,p:noord-brabant,all,all,100000,1
2026-09,p:noord-brabant,all,all,12000,1
2026-09,p:noord-brabant,all,all,120000,1
2026-09,p:noord-brabant,all,all,142500,1
2026-09,p:noord-brabant,all,all,175000,1
2026-09,p:noord-brabant,all,all,177500,1
2026-09,p:noord-brabant,all,all,207500,2
2026-09,p:noord-brabant,all,all,24000,1
2026-09,p:noord-brabant,all,all,30000,2
2026-09,p:noord-brabant,all,all,32500,4
2026-09,p:noord-brabant,all,all,35000,5
2026-09,p:noord-brabant,all,all,37500,3
2026-09,p:noord-brabant,all,all,42500,2
2026-09,p:noord-brabant,all,all,45000,1
2026-09,p:noord-brabant,all,all,47500,6
2026-09,p:noord-brabant,all,all,50000,2
2026-09,p:noord-brabant,all,all,52500,2
2026-09,p:noord-brabant,all,all,55000,7
2026-09,p:noord-brabant,all,all,57500,2
2026-09,p:noord-brabant,all,all,60000,12
2026-09,p:noord-brabant,all,all,62500,3
2026-09,p:noord-brabant,all,all,65000,4
2026-09,p:noord-brabant,all,all,67500,3
2026-09,p:noord-brabant,all,all,70000,2
2026-09,p:noord-brabant,all,all,72500,2
2026-09,p:noord-brabant,all,all,75000,1
2026-09,p:noord-brabant,all,all,80000,1
2026-09,p:noord-brabant,all,all,82500,1
2026-09,p:noord-brabant,all,all,87500,1
2026-09,p:noord-brabant,all,all,92500,1
2026-09,p:noord-brabant,all,junior,30000,1
2026-09,p:noord-brabant,all,junior,32500,1
2026-09,p:noord-brabant,all,junior,37500,1
2026-09,p:noord-brabant,all,medior,32500,1
2026-09,p:noord-brabant,all,senior,100000,1
2026-09,p:noord-brabant,all,senior,12000,1
2026-09,p:noord-brabant,all,senior,142500,1
2026-09,p:noord-brabant,all,senior,175000,1
2026-09,p:noord-brabant,all,senior,177500,1
2026-09,p:noord-brabant,all,senior,207500,2
2026-09,p:noord-brabant,all,senior,24000,1
2026-09,p:noord-brabant,all,senior,42500,1
2026-09,p:noord-brabant,all,senior,55000,1
2026-09,p:noord-brabant,all,senior,60000,2
2026-09,p:noord-brabant,all,senior,65000,1
2026-09,p:noord-brabant,all,senior,67500,1
2026-09,p:noord-brabant,all,senior,80000,1
2026-09,p:noord-brabant,all,senior,82500,1
2026-09,p:noord-brabant,all,unknown,120000,1
2026-09,p:noord-brabant,all,unknown,30000,1
2026-09,p:noord-brabant,all,unknown,32500,2
2026-09,p:noord-brabant,all,unknown,35000,5
2026-09,p:noord-brabant,all,unknown,37500,2
2026-09,p:noord-brabant,all,unknown,42500,1
2026-09,p:noord-brabant,all,unknown,45000,1
2026-09,p:noord-brabant,all,unknown,47500,6
2026-09,p:noord-brabant,all,unknown,50000,2
2026-09,p:noord-brabant,all,unknown,52500,2
2026-09,p:noord-brabant,all,unknown,55000,6
2026-09,p:noord-brabant,all,unknown,57500,2
2026-09,p:noord-brabant,all,unknown,60000,10
2026-09,p:noord-brabant,all,unknown,62500,3
2026-09,p:noord-brabant,all,unknown,65000,3
2026-09,p:noord-brabant,all,unknown,67500,2
2026-09,p:noord-brabant,all,unknown,70000,2
2026-09,p:noord-brabant,all,unknown,72500,2
2026-09,p:noord-brabant,all,unknown,75000,1
2026-09,p:noord-brabant,all,unknown,87500,1
2026-09,p:noord-brabant,all,unknown,92500,1
2026-09,p:noord-brabant,business-it-management,all,30000,1
2026-09,p:noord-brabant,business-it-management,all,37500,1
2026-09,p:noord-brabant,business-it-management,all,47500,2
2026-09,p:noord-brabant,business-it-management,all,50000,1
2026-09,p:noord-brabant,business-it-management,all,60000,6
2026-09,p:noord-brabant,business-it-management,all,62500,2
2026-09,p:noord-brabant,business-it-management,all,65000,2
2026-09,p:noord-brabant,business-it-management,all,67500,1
2026-09,p:noord-brabant,business-it-management,all,70000,2
2026-09,p:noord-brabant,business-it-management,all,75000,1
2026-09,p:noord-brabant,business-it-management,junior,30000,1
2026-09,p:noord-brabant,business-it-management,junior,37500,1
2026-09,p:noord-brabant,business-it-management,unknown,47500,2
2026-09,p:noord-brabant,business-it-management,unknown,50000,1
2026-09,p:noord-brabant,business-it-management,unknown,60000,6
2026-09,p:noord-brabant,business-it-management,unknown,62500,2
2026-09,p:noord-brabant,business-it-management,unknown,65000,2
2026-09,p:noord-brabant,business-it-management,unknown,67500,1
2026-09,p:noord-brabant,business-it-management,unknown,70000,2
2026-09,p:noord-brabant,business-it-management,unknown,75000,1
2026-09,p:noord-brabant,informatica,all,100000,1
2026-09,p:noord-brabant,informatica,all,12000,1
2026-09,p:noord-brabant,informatica,all,120000,1
2026-09,p:noord-brabant,informatica,all,142500,1
2026-09,p:noord-brabant,informatica,all,175000,1
2026-09,p:noord-brabant,informatica,all,177500,1
2026-09,p:noord-brabant,informatica,all,207500,2
2026-09,p:noord-brabant,informatica,all,24000,1
2026-09,p:noord-brabant,informatica,all,30000,1
2026-09,p:noord-brabant,informatica,all,35000,2
2026-09,p:noord-brabant,informatica,all,42500,1
2026-09,p:noord-brabant,informatica,all,47500,5
2026-09,p:noord-brabant,informatica,all,50000,1
2026-09,p:noord-brabant,informatica,all,52500,1
2026-09,p:noord-brabant,informatica,all,55000,4
2026-09,p:noord-brabant,informatica,all,57500,1
2026-09,p:noord-brabant,informatica,all,60000,9
2026-09,p:noord-brabant,informatica,all,62500,1
2026-09,p:noord-brabant,informatica,all,65000,3
2026-09,p:noord-brabant,informatica,all,67500,1
2026-09,p:noord-brabant,informatica,all,72500,1
2026-09,p:noord-brabant,informatica,all,80000,1
2026-09,p:noord-brabant,informatica,all,82500,1
2026-09,p:noord-brabant,informatica,all,87500,1
2026-09,p:noord-brabant,informatica,senior,100000,1
2026-09,p:noord-brabant,informatica,senior,12000,1
2026-09,p:noord-brabant,informatica,senior,142500,1
2026-09,p:noord-brabant,informatica,senior,175000,1
2026-09,p:noord-brabant,informatica,senior,177500,1
2026-09,p:noord-brabant,informatica,senior,207500,2
2026-09,p:noord-brabant,informatica,senior,24000,1
2026-09,p:noord-brabant,informatica,senior,60000,2
2026-09,p:noord-brabant,informatica,senior,65000,1
2026-09,p:noord-brabant,informatica,senior,80000,1
2026-09,p:noord-brabant,informatica,senior,82500,1
2026-09,p:noord-brabant,informatica,unknown,120000,1
2026-09,p:noord-brabant,informatica,unknown,30000,1
2026-09,p:noord-brabant,informatica,unknown,35000,2
2026-09,p:noord-brabant,informatica,unknown,42500,1
2026-09,p:noord-brabant,informatica,unknown,47500,5
2026-09,p:noord-brabant,informatica,unknown,50000,1
2026-09,p:noord-brabant,informatica,unknown,52500,1
2026-09,p:noord-brabant,informatica,unknown,55000,4
2026-09,p:noord-brabant,informatica,unknown,57500,1
2026-09,p:noord-brabant,informatica,unknown,60000,7
2026-09,p:noord-brabant,informatica,unknown,62500,1
2026-09,p:noord-brabant,informatica,unknown,65000,2
2026-09,p:noord-brabant,informatica,unknown,67500,1
2026-09,p:noord-brabant,informatica,unknown,72500,1
2026-09,p:noord-brabant,informatica,unknown,87500,1
2026-09,p:noord-brabant,technische-informatica,all,45000,1
2026-09,p:noord-brabant,technische-informatica,all,47500,1
2026-09,p:noord-brabant,technische-informatica,all,55000,2
2026-09,p:noord-brabant,technische-informatica,all,57500,1
2026-09,p:noord-brabant,technische-informatica,unknown,45000,1
2026-09,p:noord-brabant,technische-informatica,unknown,47500,1
2026-09,p:noord-brabant,technische-informatica,unknown,55000,2
2026-09,p:noord-brabant,technische-informatica,unknown,57500,1
2026-09,p:noord-holland,all,all,120000,1
2026-09,p:noord-holland,all,all,125000,1
2026-09,p:noord-holland,all,all,16200,1
2026-09,p:noord-holland,all,all,18000,1
2026-09,p:noord-holland,all,all,200000,1
2026-09,p:noord-holland,all,all,202500,1
2026-09,p:noord-holland,all,all,30000,3
2026-09,p:noord-holland,all,all,32500,2
2026-09,p:noord-holland,all,all,35000,5
2026-09,p:noord-holland,all,all,37500,6
2026-09,p:noord-holland,all,all,40000,1
2026-09,p:noord-holland,all,all,45000,8
2026-09,p:noord-holland,all,all,47500,4
2026-09,p:noord-holland,all,all,50000,6
2026-09,p:noord-holland,all,all,52500,6
2026-09,p:noord-holland,all,all,55000,3
2026-09,p:noord-holland,all,all,57500,6
2026-09,p:noord-holland,all,all,60000,8
2026-09,p:noord-holland,all,all,62500,3
2026-09,p:noord-holland,all,all,65000,5
2026-09,p:noord-holland,all,all,67500,6
2026-09,p:noord-holland,all,all,70000,2
2026-09,p:noord-holland,all,all,72500,2
2026-09,p:noord-holland,all,all,75000,5
2026-09,p:noord-holland,all,all,77500,3
2026-09,p:noord-holland,all,all,80000,1
2026-09,p:noord-holland,all,all,82500,1
2026-09,p:noord-holland,all,all,85000,1
2026-09,p:noord-holland,all,all,90000,3
2026-09,p:noord-holland,all,all,92500,1
2026-09,p:noord-holland,all,all,95000,2
2026-09,p:noord-holland,all,all,97500,1
2026-09,p:noord-holland,all,junior,16200,1
2026-09,p:noord-holland,all,junior,30000,1
2026-09,p:noord-holland,all,junior,32500,1
2026-09,p:noord-holland,all,junior,37500,1
2026-09,p:noord-holland,all,junior,40000,1
2026-09,p:noord-holland,all,junior,45000,2
2026-09,p:noord-holland,all,junior,52500,1
2026-09,p:noord-holland,all,junior,90000,1
2026-09,p:noord-holland,all,medior,37500,1
2026-09,p:noord-holland,all,medior,45000,1
2026-09,p:noord-holland,all,medior,50000,1
2026-09,p:noord-holland,all,medior,60000,1
2026-09,p:noord-holland,all,medior,90000,1
2026-09,p:noord-holland,all,senior,120000,1
2026-09,p:noord-holland,all,senior,125000,1
2026-09,p:noord-holland,all,senior,200000,1
2026-09,p:noord-holland,all,senior,202500,1
2026-09,p:noord-holland,all,senior,50000,1
2026-09,p:noord-holland,all,senior,57500,1
2026-09,p:noord-holland,all,senior,65000,1
2026-09,p:noord-holland,all,senior,72500,1
2026-09,p:noord-holland,all,senior,75000,2
2026-09,p:noord-holland,all,senior,77500,1
2026-09,p:noord-holland,all,senior,82500,1
2026-09,p:noord-holland,all,senior,85000,1
2026-09,p:noord-holland,all,senior,92500,1
2026-09,p:noord-holland,all,senior,95000,2
2026-09,p:noord-holland,all,senior,97500,1
2026-09,p:noord-holland,all,unknown,18000,1
2026-09,p:noord-holland,all,unknown,30000,2
2026-09,p:noord-holland,all,unknown,32500,1
2026-09,p:noord-holland,all,unknown,35000,5
2026-09,p:noord-holland,all,unknown,37500,4
2026-09,p:noord-holland,all,unknown,45000,5
2026-09,p:noord-holland,all,unknown,47500,4
2026-09,p:noord-holland,all,unknown,50000,4
2026-09,p:noord-holland,all,unknown,52500,5
2026-09,p:noord-holland,all,unknown,55000,3
2026-09,p:noord-holland,all,unknown,57500,5
2026-09,p:noord-holland,all,unknown,60000,7
2026-09,p:noord-holland,all,unknown,62500,3
2026-09,p:noord-holland,all,unknown,65000,4
2026-09,p:noord-holland,all,unknown,67500,6
2026-09,p:noord-holland,all,unknown,70000,2
2026-09,p:noord-holland,all,unknown,72500,1
2026-09,p:noord-holland,all,unknown,75000,3
2026-09,p:noord-holland,all,unknown,77500,2
2026-09,p:noord-holland,all,unknown,80000,1
2026-09,p:noord-holland,all,unknown,90000,1
2026-09,p:noord-holland,business-it-management,all,16200,1
2026-09,p:noord-holland,business-it-management,all,32500,1
2026-09,p:noord-holland,business-it-management,all,37500,2
2026-09,p:noord-holland,business-it-management,all,40000,1
2026-09,p:noord-holland,business-it-management,all,45000,1
2026-09,p:noord-holland,business-it-management,all,47500,2
2026-09,p:noord-holland,business-it-management,all,50000,1
2026-09,p:noord-holland,business-it-management,all,52500,2
2026-09,p:noord-holland,business-it-management,all,55000,1
2026-09,p:noord-holland,business-it-management,all,57500,1
2026-09,p:noord-holland,business-it-management,all,60000,3
2026-09,p:noord-holland,business-it-management,all,65000,2
2026-09,p:noord-holland,business-it-management,all,67500,3
2026-09,p:noord-holland,business-it-management,all,72500,1
2026-09,p:noord-holland,business-it-management,all,75000,1
2026-09,p:noord-holland,business-it-management,all,77500,1
2026-09,p:noord-holland,business-it-management,junior,16200,1
2026-09,p:noord-holland,business-it-management,junior,32500,1
2026-09,p:noord-holland,business-it-management,junior,37500,1
2026-09,p:noord-holland,business-it-management,junior,40000,1
2026-09,p:noord-holland,business-it-management,junior,52500,1
2026-09,p:noord-holland,business-it-management,senior,75000,1
2026-09,p:noord-holland,business-it-management,unknown,37500,1
2026-09,p:noord-holland,business-it-management,unknown,45000,1
2026-09,p:noord-holland,business-it-management,unknown,47500,2
2026-09,p:noord-holland,business-it-management,unknown,50000,1
2026-09,p:noord-holland,business-it-management,unknown,52500,1
2026-09,p:noord-holland,business-it-management,unknown,55000,1
2026-09,p:noord-holland,business-it-management,unknown,57500,1
2026-09,p:noord-holland,business-it-management,unknown,60000,3
2026-09,p:noord-holland,business-it-management,unknown,65000,2
2026-09,p:noord-holland,business-it-management,unknown,67500,3
2026-09,p:noord-holland,business-it-management,unknown,72500,1
2026-09,p:noord-holland,business-it-management,unknown,77500,1
2026-09,p:noord-holland,informatica,all,120000,1
2026-09,p:noord-holland,informatica,all,125000,1
2026-09,p:noord-holland,informatica,all,18000,1
2026-09,p:noord-holland,informatica,all,200000,1
2026-09,p:noord-holland,informatica,all,202500,1
2026-09,p:noord-holland,informatica,all,30000,2
2026-09,p:noord-holland,informatica,all,35000,2
2026-09,p:noord-holland,informatica,all,37500,3
2026-09,p:noord-holland,informatica,all,40000,1
2026-09,p:noord-holland,informatica,all,45000,5
2026-09,p:noord-holland,informatica,all,47500,2
2026-09,p:noord-holland,informatica,all,50000,5
2026-09,p:noord-holland,informatica,all,52500,3
2026-09,p:noord-holland,informatica,all,55000,2
2026-09,p:noord-holland,informatica,all,57500,4
2026-09,p:noord-holland,informatica,all,60000,5
2026-09,p:noord-holland,informatica,all,62500,3
2026-09,p:noord-holland,informatica,all,65000,3
2026-09,p:noord-holland,informatica,all,67500,4
2026-09,p:noord-holland,informatica,all,70000,2
2026-09,p:noord-holland,informatica,all,72500,1
2026-09,p:noord-holland,informatica,all,75000,4
2026-09,p:noord-holland,informatica,all,77500,2
2026-09,p:noord-holland,informatica,all,80000,1
2026-09,p:noord-holland,informatica,all,85000,1
2026-09,p:noord-holland,informatica,all,90000,1
2026-09,p:noord-holland,informatica,all,92500,1
2026-09,p:noord-holland,informatica,all,95000,2
2026-09,p:noord-holland,informatica,all,97500,1
2026-09,p:noord-holland,informatica,junior,40000,1
2026-09,p:noord-holland,informatica,junior,45000,2
2026-09,p:noord-holland,informatica,junior,90000,1
2026-09,p:noord-holland,informatica,medior,45000,1
2026-09,p:noord-holland,informatica,medior,50000,1
2026-09,p:noord-holland,informatica,medior,60000,1
2026-09,p:noord-holland,informatica,senior,120000,1
2026-09,p:noord-holland,informatica,senior,125000,1
2026-09,p:noord-holland,informatica,senior,200000,1
2026-09,p:noord-holland,informatica,senior,202500,1
2026-09,p:noord-holland,informatica,senior,50000,1
2026-09,p:noord-holland,informatica,senior,65000,1
2026-09,p:noord-holland,informatica,senior,72500,1
2026-09,p:noord-holland,informatica,senior,75000,1
2026-09,p:noord-holland,informatica,senior,77500,1
2026-09,p:noord-holland,informatica,senior,85000,1
2026-09,p:noord-holland,informatica,senior,92500,1
2026-09,p:noord-holland,informatica,senior,95000,2
2026-09,p:noord-holland,informatica,senior,97500,1
2026-09,p:noord-holland,informatica,unknown,18000,1
2026-09,p:noord-holland,informatica,unknown,30000,2
2026-09,p:noord-holland,informatica,unknown,35000,2
2026-09,p:noord-holland,informatica,unknown,37500,3
2026-09,p:noord-holland,informatica,unknown,45000,2
2026-09,p:noord-holland,informatica,unknown,47500,2
2026-09,p:noord-holland,informatica,unknown,50000,3
2026-09,p:noord-holland,informatica,unknown,52500,3
2026-09,p:noord-holland,informatica,unknown,55000,2
2026-09,p:noord-holland,informatica,unknown,57500,4
2026-09,p:noord-holland,informatica,unknown,60000,4
2026-09,p:noord-holland,informatica,unknown,62500,3
2026-09,p:noord-holland,informatica,unknown,65000,2
2026-09,p:noord-holland,informatica,unknown,67500,4
2026-09,p:noord-holland,informatica,unknown,70000,2
2026-09,p:noord-holland,informatica,unknown,75000,3
2026-09,p:noord-holland,informatica,unknown,77500,1
2026-09,p:noord-holland,informatica,unknown,80000,1
2026-09,p:overijssel,all,all,35000,3
2026-09,p:overijssel,all,all,37500,1
2026-09,p:overijssel,all,all,45000,1
2026-09,p:overijssel,all,all,50000,1
2026-09,p:overijssel,all,all,52500,3
2026-09,p:overijssel,all,all,55000,8
2026-09,p:overijssel,all,all,60000,3
2026-09,p:overijssel,all,all,62500,1
2026-09,p:overijssel,all,all,65000,1
2026-09,p:overijssel,all,all,67500,2
2026-09,p:overijssel,all,all,70000,1
2026-09,p:overijssel,all,all,72500,1
2026-09,p:overijssel,all,all,75000,1
2026-09,p:overijssel,all,all,77500,1
2026-09,p:overijssel,all,all,85000,1
2026-09,p:overijssel,all,all,87500,1
2026-09,p:overijssel,all,medior,37500,1
2026-09,p:overijssel,all,medior,67500,1
2026-09,p:overijssel,all,senior,65000,1
2026-09,p:overijssel,all,unknown,35000,3
2026-09,p:overijssel,all,unknown,45000,1
2026-09,p:overijssel,all,unknown,50000,1
2026-09,p:overijssel,all,unknown,52500,3
2026-09,p:overijssel,all,unknown,55000,8
2026-09,p:overijssel,all,unknown,60000,3
2026-09,p:overijssel,all,unknown,62500,1
2026-09,p:overijssel,all,unknown,67500,1
2026-09,p:overijssel,all,unknown,70000,1
2026-09,p:overijssel,all,unknown,72500,1
2026-09,p:overijssel,all,unknown,75000,1
2026-09,p:overijssel,all,unknown,77500,1
2026-09,p:overijssel,all,unknown,85000,1
2026-09,p:overijssel,all,unknown,87500,1
2026-09,p:overijssel,business-it-management,all,35000,1
2026-09,p:overijssel,business-it-management,all,50000,1
2026-09,p:overijssel,business-it-management,all,60000,2
2026-09,p:overijssel,business-it-management,all,67500,2
2026-09,p:overijssel,business-it-management,all,72500,1
2026-09,p:overijssel,business-it-management,all,75000,1
2026-09,p:overijssel,business-it-management,all,77500,1
2026-09,p:overijssel,business-it-management,medior,67500,1
2026-09,p:overijssel,business-it-management,unknown,35000,1
2026-09,p:overijssel,business-it-management,unknown,50000,1
2026-09,p:overijssel,business-it-management,unknown,60000,2
2026-09,p:overijssel,business-it-management,unknown,67500,1
2026-09,p:overijssel,business-it-management,unknown,72500,1
2026-09,p:overijssel,business-it-management,unknown,75000,1
2026-09,p:overijssel,business-it-management,unknown,77500,1
2026-09,p:overijssel,informatica,all,52500,1
2026-09,p:overijssel,informatica,all,55000,1
2026-09,p:overijssel,informatica,all,60000,1
2026-09,p:overijssel,informatica,all,62500,1
2026-09,p:overijssel,informatica,all,65000,1
2026-09,p:overijssel,informatica,all,70000,1
2026-09,p:overijssel,informatica,all,85000,1
2026-09,p:overijssel,informatica,all,87500,1
2026-09,p:overijssel,informatica,senior,65000,1
2026-09,p:overijssel,informatica,unknown,52500,1
2026-09,p:overijssel,informatica,unknown,55000,1
2026-09,p:overijssel,informatica,unknown,60000,1
2026-09,p:overijssel,informatica,unknown,62500,1
2026-09,p:overijssel,informatica,unknown,70000,1
2026-09,p:overijssel,informatica,unknown,85000,1
2026-09,p:overijssel,informatica,unknown,87500,1
2026-09,p:overijssel,technische-informatica,all,52500,2
2026-09,p:overijssel,technische-informatica,all,55000,2
2026-09,p:overijssel,technische-informatica,unknown,52500,2
2026-09,p:overijssel,technische-informatica,unknown,55000,2
2026-09,p:utrecht,all,all,28200,1
2026-09,p:utrecht,all,all,30000,4
2026-09,p:utrecht,all,all,32500,3
2026-09,p:utrecht,all,all,35000,5
2026-09,p:utrecht,all,all,37500,4
2026-09,p:utrecht,all,all,40000,2
2026-09,p:utrecht,all,all,42500,1
2026-09,p:utrecht,all,all,45000,2
2026-09,p:utrecht,all,all,47500,3
2026-09,p:utrecht,all,all,50000,5
2026-09,p:utrecht,all,all,52500,4
2026-09,p:utrecht,all,all,55000,7
2026-09,p:utrecht,all,all,57500,4
2026-09,p:utrecht,all,all,60000,1
2026-09,p:utrecht,all,all,62500,7
2026-09,p:utrecht,all,all,65000,8
2026-09,p:utrecht,all,all,67500,6
2026-09,p:utrecht,all,all,70000,5
2026-09,p:utrecht,all,all,72500,3
2026-09,p:utrecht,all,all,75000,4
2026-09,p:utrecht,all,all,77500,5
2026-09,p:utrecht,all,all,80000,1
2026-09,p:utrecht,all,all,82500,1
2026-09,p:utrecht,all,all,85000,2
2026-09,p:utrecht,all,all,87500,1
2026-09,p:utrecht,all,all,90000,3
2026-09,p:utrecht,all,junior,28200,1
2026-09,p:utrecht,all,junior,30000,4
2026-09,p:utrecht,all,junior,32500,2
2026-09,p:utrecht,all,junior,47500,1
2026-09,p:utrecht,all,junior,82500,1
2026-09,p:utrecht,all,medior,37500,2
2026-09,p:utrecht,all,medior,55000,2
2026-09,p:utrecht,all,medior,57500,3
2026-09,p:utrecht,all,medior,65000,1
2026-09,p:utrecht,all,medior,70000,2
2026-09,p:utrecht,all,medior,90000,1
2026-09,p:utrecht,all,senior,50000,1
2026-09,p:utrecht,all,senior,52500,1
2026-09,p:utrecht,all,senior,55000,2
2026-09,p:utrecht,all,senior,57500,1
2026-09,p:utrecht,all,senior,62500,3
2026-09,p:utrecht,all,senior,65000,6
2026-09,p:utrecht,all,senior,67500,3
2026-09,p:utrecht,all,senior,70000,2
2026-09,p:utrecht,all,senior,72500,2
2026-09,p:utrecht,all,senior,75000,1
2026-09,p:utrecht,all,senior,77500,2
2026-09,p:utrecht,all,senior,80000,1
2026-09,p:utrecht,all,senior,85000,1
2026-09,p:utrecht,all,unknown,32500,1
2026-09,p:utrecht,all,unknown,35000,5
2026-09,p:utrecht,all,unknown,37500,2
2026-09,p:utrecht,all,unknown,40000,2
2026-09,p:utrecht,all,unknown,42500,1
2026-09,p:utrecht,all,unknown,45000,2
2026-09,p:utrecht,all,unknown,47500,2
2026-09,p:utrecht,all,unknown,50000,4
2026-09,p:utrecht,all,unknown,52500,3
2026-09,p:utrecht,all,unknown,55000,3
2026-09,p:utrecht,all,unknown,60000,1
2026-09,p:utrecht,all,unknown,62500,4
2026-09,p:utrecht,all,unknown,65000,1
2026-09,p:utrecht,all,unknown,67500,3
2026-09,p:utrecht,all,unknown,70000,1
2026-09,p:utrecht,all,unknown,72500,1
2026-09,p:utrecht,all,unknown,75000,3
2026-09,p:utrecht,all,unknown,77500,3
2026-09,p:utrecht,all,unknown,85000,1
2026-09,p:utrecht,all,unknown,87500,1
2026-09,p:utrecht,all,unknown,90000,2
2026-09,p:utrecht,business-it-management,all,28200,1
2026-09,p:utrecht,business-it-management,all,30000,1
2026-09,p:utrecht,business-it-management,all,32500,1
2026-09,p:utrecht,business-it-management,all,40000,1
2026-09,p:utrecht,business-it-management,all,47500,1
2026-09,p:utrecht,business-it-management,all,55000,1
2026-09,p:utrecht,business-it-management,all,57500,2
2026-09,p:utrecht,business-it-management,all,60000,1
2026-09,p:utrecht,business-it-management,all,62500,4
2026-09,p:utrecht,business-it-management,all,65000,3
2026-09,p:utrecht,business-it-management,all,67500,1
2026-09,p:utrecht,business-it-management,all,70000,2
2026-09,p:utrecht,business-it-management,all,72500,1
2026-09,p:utrecht,business-it-management,all,75000,1
2026-09,p:utrecht,business-it-management,all,77500,2
2026-09,p:utrecht,business-it-management,all,90000,1
2026-09,p:utrecht,business-it-management,junior,28200,1
2026-09,p:utrecht,business-it-management,junior,30000,1
2026-09,p:utrecht,business-it-management,junior,32500,1
2026-09,p:utrecht,business-it-management,medior,57500,1
2026-09,p:utrecht,business-it-management,medior,65000,1
2026-09,p:utrecht,business-it-management,medior,70000,1
2026-09,p:utrecht,business-it-management,senior,57500,1
2026-09,p:utrecht,business-it-management,senior,62500,2
2026-09,p:utrecht,business-it-management,senior,65000,1
2026-09,p:utrecht,business-it-management,senior,70000,1
2026-09,p:utrecht,business-it-management,senior,77500,1
2026-09,p:utrecht,business-it-management,unknown,40000,1
2026-09,p:utrecht,business-it-management,unknown,47500,1
2026-09,p:utrecht,business-it-management,unknown,55000,1
2026-09,p:utrecht,business-it-management,unknown,60000,1
2026-09,p:utrecht,business-it-management,unknown,62500,2
2026-09,p:utrecht,business-it-management,unknown,65000,1
2026-09,p:utrecht,business-it-management,unknown,67500,1
2026-09,p:utrecht,business-it-management,unknown,72500,1
2026-09,p:utrecht,business-it-management,unknown,75000,1
2026-09,p:utrecht,business-it-management,unknown,77500,1
2026-09,p:utrecht,business-it-management,unknown,90000,1
2026-09,p:utrecht,informatica,all,30000,3
2026-09,p:utrecht,informatica,all,32500,1
2026-09,p:utrecht,informatica,all,37500,2
2026-09,p:utrecht,informatica,all,40000,1
2026-09,p:utrecht,informatica,all,47500,2
2026-09,p:utrecht,informatica,all,50000,3
2026-09,p:utrecht,informatica,all,52500,3
2026-09,p:utrecht,informatica,all,55000,4
2026-09,p:utrecht,informatica,all,57500,2
2026-09,p:utrecht,informatica,all,62500,2
2026-09,p:utrecht,informatica,all,65000,4
2026-09,p:utrecht,informatica,all,67500,4
2026-09,p:utrecht,informatica,all,70000,4
2026-09,p:utrecht,informatica,all,72500,2
2026-09,p:utrecht,informatica,all,75000,2
2026-09,p:utrecht,informatica,all,77500,4
2026-09,p:utrecht,informatica,all,85000,2
2026-09,p:utrecht,informatica,all,87500,1
2026-09,p:utrecht,informatica,all,90000,2
2026-09,p:utrecht,informatica,junior,30000,3
2026-09,p:utrecht,informatica,junior,32500,1
2026-09,p:utrecht,informatica,junior,47500,1
2026-09,p:utrecht,informatica,medior,37500,1
2026-09,p:utrecht,informatica,medior,55000,2
2026-09,p:utrecht,informatica,medior,57500,2
2026-09,p:utrecht,informatica,medior,70000,1
2026-09,p:utrecht,informatica,medior,90000,1
2026-09,p:utrecht,informatica,senior,55000,1
2026-09,p:utrecht,informatica,senior,65000,4
2026-09,p:utrecht,informatica,senior,67500,3
2026-09,p:utrecht,informatica,senior,70000,2
2026-09,p:utrecht,informatica,senior,72500,2
2026-09,p:utrecht,informatica,senior,75000,1
2026-09,p:utrecht,informatica,senior,77500,2
2026-09,p:utrecht,informatica,senior,85000,1
2026-09,p:utrecht,informatica,unknown,37500,1
2026-09,p:utrecht,informatica,unknown,40000,1
2026-09,p:utrecht,informatica,unknown,47500,1
2026-09,p:utrecht,informatica,unknown,50000,3
2026-09,p:utrecht,informatica,unknown,52500,3
2026-09,p:utrecht,informatica,unknown,55000,1
2026-09,p:utrecht,informatica,unknown,62500,2
2026-09,p:utrecht,informatica,unknown,67500,1
2026-09,p:utrecht,informatica,unknown,70000,1
2026-09,p:utrecht,informatica,unknown,75000,1
2026-09,p:utrecht,informatica,unknown,77500,2
2026-09,p:utrecht,informatica,unknown,85000,1
2026-09,p:utrecht,informatica,unknown,87500,1
2026-09,p:utrecht,informatica,unknown,90000,1
2026-09,p:utrecht,technische-informatica,all,35000,1
2026-09,p:utrecht,technische-informatica,all,45000,1
2026-09,p:utrecht,technische-informatica,all,50000,1
2026-09,p:utrecht,technische-informatica,all,52500,1
2026-09,p:utrecht,technische-informatica,all,55000,1
2026-09,p:utrecht,technische-informatica,senior,52500,1
2026-09,p:utrecht,technische-informatica,unknown,35000,1
2026-09,p:utrecht,technische-informatica,unknown,45000,1
2026-09,p:utrecht,technische-informatica,unknown,50000,1
2026-09,p:utrecht,technische-informatica,unknown,55000,1
2026-09,p:zeeland,all,all,45000,1
2026-09,p:zeeland,all,unknown,45000,1
2026-09,p:zuid-holland,all,all,112500,1
2026-09,p:zuid-holland,all,all,13800,1
2026-09,p:zuid-holland,all,all,14400,1
2026-09,p:zuid-holland,all,all,24000,1
2026-09,p:zuid-holland,all,all,28200,1
2026-09,p:zuid-holland,all,all,30000,5
2026-09,p:zuid-holland,all,all,32500,1
2026-09,p:zuid-holland,all,all,35000,7
2026-09,p:zuid-holland,all,all,37500,4
2026-09,p:zuid-holland,all,all,40000,3
2026-09,p:zuid-holland,all,all,42500,2
2026-09,p:zuid-holland,all,all,45000,4
2026-09,p:zuid-holland,all,all,47500,6
2026-09,p:zuid-holland,all,all,50000,7
2026-09,p:zuid-holland,all,all,52500,5
2026-09,p:zuid-holland,all,all,55000,5
2026-09,p:zuid-holland,all,all,57500,2
2026-09,p:zuid-holland,all,all,60000,6
2026-09,p:zuid-holland,all,all,62500,3
2026-09,p:zuid-holland,all,all,65000,7
2026-09,p:zuid-holland,all,all,67500,6
2026-09,p:zuid-holland,all,all,70000,8
2026-09,p:zuid-holland,all,all,72500,2
2026-09,p:zuid-holland,all,all,75000,3
2026-09,p:zuid-holland,all,all,77500,2
2026-09,p:zuid-holland,all,all,82500,1
2026-09,p:zuid-holland,all,all,87500,1
2026-09,p:zuid-holland,all,all,90000,1
2026-09,p:zuid-holland,all,all,95000,1
2026-09,p:zuid-holland,all,junior,28200,1
2026-09,p:zuid-holland,all,junior,30000,2
2026-09,p:zuid-holland,all,junior,35000,1
2026-09,p:zuid-holland,all,junior,37500,1
2026-09,p:zuid-holland,all,junior,45000,1
2026-09,p:zuid-holland,all,junior,55000,1
2026-09,p:zuid-holland,all,junior,60000,1
2026-09,p:zuid-holland,all,medior,47500,1
2026-09,p:zuid-holland,all,medior,50000,1
2026-09,p:zuid-holland,all,medior,55000,2
2026-09,p:zuid-holland,all,medior,60000,1
2026-09,p:zuid-holland,all,medior,65000,1
2026-09,p:zuid-holland,all,senior,52500,4
2026-09,p:zuid-holland,all,senior,62500,1
2026-09,p:zuid-holland,all,senior,65000,3
2026-09,p:zuid-holland,all,senior,70000,4
2026-09,p:zuid-holland,all,senior,82500,1
2026-09,p:zuid-holland,all,senior,95000,1
2026-09,p:zuid-holland,all,unknown,112500,1
2026-09,p:zuid-holland,all,unknown,13800,1
2026-09,p:zuid-holland,all,unknown,14400,1
2026-09,p:zuid-holland,all,unknown,24000,1
2026-09,p:zuid-holland,all,unknown,30000,3
2026-09,p:zuid-holland,all,unknown,32500,1
2026-09,p:zuid-holland,all,unknown,35000,6
2026-09,p:zuid-holland,all,unknown,37500,3
2026-09,p:zuid-holland,all,unknown,40000,3
2026-09,p:zuid-holland,all,unknown,42500,2
2026-09,p:zuid-holland,all,unknown,45000,3
2026-09,p:zuid-holland,all,unknown,47500,5
2026-09,p:zuid-holland,all,unknown,50000,6
2026-09,p:zuid-holland,all,unknown,52500,1
2026-09,p:zuid-holland,all,unknown,55000,2
2026-09,p:zuid-holland,all,unknown,57500,2
2026-09,p:zuid-holland,all,unknown,60000,4
2026-09,p:zuid-holland,all,unknown,62500,2
2026-09,p:zuid-holland,all,unknown,65000,3
2026-09,p:zuid-holland,all,unknown,67500,6
2026-09,p:zuid-holland,all,unknown,70000,4
2026-09,p:zuid-holland,all,unknown,72500,2
2026-09,p:zuid-holland,all,unknown,75000,3
2026-09,p:zuid-holland,all,unknown,77500,2
2026-09,p:zuid-holland,all,unknown,87500,1
2026-09,p:zuid-holland,all,unknown,90000,1
2026-09,p:zuid-holland,business-it-management,all,28200,1
2026-09,p:zuid-holland,business-it-management,all,35000,1
2026-09,p:zuid-holland,business-it-management,all,37500,2
2026-09,p:zuid-holland,business-it-management,all,40000,1
2026-09,p:zuid-holland,business-it-management,all,42500,1
2026-09,p:zuid-holland,business-it-management,all,45000,1
2026-09,p:zuid-holland,business-it-management,all,47500,3
2026-09,p:zuid-holland,business-it-management,all,50000,1
2026-09,p:zuid-holland,business-it-management,all,55000,2
2026-09,p:zuid-holland,business-it-management,all,57500,1
2026-09,p:zuid-holland,business-it-management,all,62500,1
2026-09,p:zuid-holland,business-it-management,all,67500,2
2026-09,p:zuid-holland,business-it-management,all,70000,1
2026-09,p:zuid-holland,business-it-management,all,72500,1
2026-09,p:zuid-holland,business-it-management,all,75000,1
2026-09,p:zuid-holland,business-it-management,all,77500,1
2026-09,p:zuid-holland,business-it-management,junior,28200,1
2026-09,p:zuid-holland,business-it-management,junior,35000,1
2026-09,p:zuid-holland,business-it-management,medior,47500,1
2026-09,p:zuid-holland,business-it-management,medior,55000,2
2026-09,p:zuid-holland,business-it-management,senior,62500,1
2026-09,p:zuid-holland,business-it-management,senior,70000,1
2026-09,p:zuid-holland,business-it-management,unknown,37500,2
2026-09,p:zuid-holland,business-it-management,unknown,40000,1
2026-09,p:zuid-holland,business-it-management,unknown,42500,1
2026-09,p:zuid-holland,business-it-management,unknown,45000,1
2026-09,p:zuid-holland,business-it-management,unknown,47500,2
2026-09,p:zuid-holland,business-it-management,unknown,50000,1
2026-09,p:zuid-holland,business-it-management,unknown,57500,1
2026-09,p:zuid-holland,business-it-management,unknown,67500,2
2026-09,p:zuid-holland,business-it-management,unknown,72500,1
2026-09,p:zuid-holland,business-it-management,unknown,75000,1
2026-09,p:zuid-holland,business-it-management,unknown,77500,1
2026-09,p:zuid-holland,informatica,all,112500,1
2026-09,p:zuid-holland,informatica,all,13800,1
2026-09,p:zuid-holland,informatica,all,14400,1
2026-09,p:zuid-holland,informatica,all,30000,2
2026-09,p:zuid-holland,informatica,all,35000,1
2026-09,p:zuid-holland,informatica,all,37500,4
2026-09,p:zuid-holland,informatica,all,40000,2
2026-09,p:zuid-holland,informatica,all,42500,1
2026-09,p:zuid-holland,informatica,all,45000,3
2026-09,p:zuid-holland,informatica,all,47500,3
2026-09,p:zuid-holland,informatica,all,50000,5
2026-09,p:zuid-holland,informatica,all,52500,2
2026-09,p:zuid-holland,informatica,all,55000,3
2026-09,p:zuid-holland,informatica,all,60000,4
2026-09,p:zuid-holland,informatica,all,62500,2
2026-09,p:zuid-holland,informatica,all,65000,5
2026-09,p:zuid-holland,informatica,all,67500,4
2026-09,p:zuid-holland,informatica,all,70000,6
2026-09,p:zuid-holland,informatica,all,72500,1
2026-09,p:zuid-holland,informatica,all,75000,2
2026-09,p:zuid-holland,informatica,all,77500,1
2026-09,p:zuid-holland,informatica,all,82500,1
2026-09,p:zuid-holland,informatica,all,87500,1
2026-09,p:zuid-holland,informatica,all,90000,1
2026-09,p:zuid-holland,informatica,all,95000,1
2026-09,p:zuid-holland,informatica,junior,30000,2
2026-09,p:zuid-holland,informatica,junior,37500,1
2026-09,p:zuid-holland,informatica,junior,45000,1
2026-09,p:zuid-holland,informatica,junior,55000,1
2026-09,p:zuid-holland,informatica,junior,60000,1
2026-09,p:zuid-holland,informatica,medior,55000,1
2026-09,p:zuid-holland,informatica,medior,60000,1
2026-09,p:zuid-holland,informatica,medior,65000,1
2026-09,p:zuid-holland,informatica,senior,52500,2
2026-09,p:zuid-holland,informatica,senior,65000,3
2026-09,p:zuid-holland,informatica,senior,70000,3
2026-09,p:zuid-holland,informatica,senior,82500,1
2026-09,p:zuid-holland,informatica,senior,95000,1
2026-09,p:zuid-holland,informatica,unknown,112500,1
2026-09,p:zuid-holland,informatica,unknown,13800,1
2026-09,p:zuid-holland,informatica,unknown,14400,1
2026-09,p:zuid-holland,informatica,unknown,35000,1
2026-09,p:zuid-holland,informatica,unknown,37500,3
2026-09,p:zuid-holland,informatica,unknown,40000,2
2026-09,p:zuid-holland,informatica,unknown,42500,1
2026-09,p:zuid-holland,informatica,unknown,45000,2
2026-09,p:zuid-holland,informatica,unknown,47500,3
2026-09,p:zuid-holland,informatica,unknown,50000,5
2026-09,p:zuid-holland,informatica,unknown,55000,1
2026-09,p:zuid-holland,informatica,unknown,60000,2
2026-09,p:zuid-holland,informatica,unknown,62500,2
2026-09,p:zuid-holland,informatica,unknown,65000,1
2026-09,p:zuid-holland,informatica,unknown,67500,4
2026-09,p:zuid-holland,informatica,unknown,70000,3
2026-09,p:zuid-holland,informatica,unknown,72500,1
2026-09,p:zuid-holland,informatica,unknown,75000,2
2026-09,p:zuid-holland,informatica,unknown,77500,1
2026-09,p:zuid-holland,informatica,unknown,87500,1
2026-09,p:zuid-holland,informatica,unknown,90000,1
2026-09,p:zuid-holland,technische-informatica,all,45000,1
2026-09,p:zuid-holland,technische-informatica,all,50000,1
2026-09,p:zuid-holland,technische-informatica,all,52500,1
2026-09,p:zuid-holland,technische-informatica,all,60000,2
2026-09,p:zuid-holland,technische-informatica,all,65000,1
2026-09,p:zuid-holland,technische-informatica,all,70000,1
2026-09,p:zuid-holland,technische-informatica,all,77500,1
2026-09,p:zuid-holland,technische-informatica,junior,60000,1
2026-09,p:zuid-holland,technische-informatica,senior,70000,1
2026-09,p:zuid-holland,technische-informatica,unknown,45000,1
2026-09,p:zuid-holland,technische-informatica,unknown,50000,1
2026-09,p:zuid-holland,technische-informatica,unknown,52500,1
2026-09,p:zuid-holland,technische-informatica,unknown,60000,1
2026-09,p:zuid-holland,technische-informatica,unknown,65000,1
2026-09,p:zuid-holland,technische-informatica,unknown,77500,1
2026-09,r:amersfoort,all,all,35000,3
2026-09,r:amersfoort,all,all,37500,1
2026-09,r:amersfoort,all,all,42500,1
2026-09,r:amersfoort,all,all,47500,1
2026-09,r:amersfoort,all,all,50000,2
2026-09,r:amersfoort,all,all,52500,2
2026-09,r:amersfoort,all,all,55000,1
2026-09,r:amersfoort,all,all,62500,1
2026-09,r:amersfoort,all,all,67500,2
2026-09,r:amersfoort,all,all,70000,3
2026-09,r:amersfoort,all,all,77500,2
2026-09,r:amersfoort,all,all,82500,1
2026-09,r:amersfoort,all,all,90000,1
2026-09,r:amersfoort,all,junior,82500,1
2026-09,r:amersfoort,all,medior,37500,1
2026-09,r:amersfoort,all,medior,55000,1
2026-09,r:amersfoort,all,medior,70000,2
2026-09,r:amersfoort,all,medior,90000,1
2026-09,r:amersfoort,all,senior,62500,1
2026-09,r:amersfoort,all,senior,70000,1
2026-09,r:amersfoort,all,senior,77500,1
2026-09,r:amersfoort,all,unknown,35000,3
2026-09,r:amersfoort,all,unknown,42500,1
2026-09,r:amersfoort,all,unknown,47500,1
2026-09,r:amersfoort,all,unknown,50000,2
2026-09,r:amersfoort,all,unknown,52500,2
2026-09,r:amersfoort,all,unknown,67500,2
2026-09,r:amersfoort,all,unknown,77500,1
2026-09,r:amersfoort,business-it-management,all,70000,2
2026-09,r:amersfoort,business-it-management,all,77500,1
2026-09,r:amersfoort,business-it-management,medior,70000,1
2026-09,r:amersfoort,business-it-management,senior,70000,1
2026-09,r:amersfoort,business-it-management,senior,77500,1
2026-09,r:amersfoort,informatica,all,37500,1
2026-09,r:amersfoort,informatica,all,47500,1
2026-09,r:amersfoort,informatica,all,50000,2
2026-09,r:amersfoort,informatica,all,52500,2
2026-09,r:amersfoort,informatica,all,55000,1
2026-09,r:amersfoort,informatica,all,67500,1
2026-09,r:amersfoort,informatica,all,70000,2
2026-09,r:amersfoort,informatica,all,77500,2
2026-09,r:amersfoort,informatica,all,90000,1
2026-09,r:amersfoort,informatica,medior,37500,1
2026-09,r:amersfoort,informatica,medior,55000,1
2026-09,r:amersfoort,informatica,medior,70000,1
2026-09,r:amersfoort,informatica,medior,90000,1
2026-09,r:amersfoort,informatica,senior,70000,1
2026-09,r:amersfoort,informatica,senior,77500,1
2026-09,r:amersfoort,informatica,unknown,47500,1
2026-09,r:amersfoort,informatica,unknown,50000,2
2026-09,r:amersfoort,informatica,unknown,52500,2
2026-09,r:amersfoort,informatica,unknown,67500,1
2026-09,r:amersfoort,informatica,unknown,77500,1
2026-09,r:amersfoort,technische-informatica,all,35000,1
2026-09,r:amersfoort,technische-informatica,unknown,35000,1
2026-09,r:drechtsteden,all,all,30000,1
2026-09,r:drechtsteden,all,all,45000,1
2026-09,r:drechtsteden,all,all,55000,2
2026-09,r:drechtsteden,all,all,67500,2
2026-09,r:drechtsteden,all,medior,55000,1
2026-09,r:drechtsteden,all,unknown,30000,1
2026-09,r:drechtsteden,all,unknown,45000,1
2026-09,r:drechtsteden,all,unknown,55000,1
2026-09,r:drechtsteden,all,unknown,67500,2
2026-09,r:drechtsteden,business-it-management,all,55000,1
2026-09,r:drechtsteden,business-it-management,medior,55000,1
2026-09,r:drechtsteden,informatica,all,55000,1
2026-09,r:drechtsteden,informatica,all,67500,2
2026-09,r:drechtsteden,informatica,medior,55000,1
2026-09,r:drechtsteden,informatica,unknown,67500,2
2026-09,r:drechtsteden,technische-informatica,all,45000,1
2026-09,r:drechtsteden,technische-informatica,unknown,45000,1
2026-09,r:drenthe,all,all,42500,1
2026-09,r:drenthe,all,all,50000,2
2026-09,r:drenthe,all,all,52500,1
2026-09,r:drenthe,all,unknown,42500,1
2026-09,r:drenthe,all,unknown,50000,2
2026-09,r:drenthe,all,unknown,52500,1
2026-09,r:drenthe,business-it-management,all,50000,1
2026-09,r:drenthe,business-it-management,all,52500,1
2026-09,r:drenthe,business-it-management,unknown,50000,1
2026-09,r:drenthe,business-it-management,unknown,52500,1
2026-09,r:drenthe,informatica,all,42500,1
2026-09,r:drenthe,informatica,all,50000,1
2026-09,r:drenthe,informatica,all,52500,1
2026-09,r:drenthe,informatica,unknown,42500,1
2026-09,r:drenthe,informatica,unknown,50000,1
2026-09,r:drenthe,informatica,unknown,52500,1
2026-09,r:flevoland,all,all,42500,1
2026-09,r:flevoland,all,unknown,42500,1
2026-09,r:flevoland,technische-informatica,all,42500,1
2026-09,r:flevoland,technische-informatica,unknown,42500,1
2026-09,r:food-valley,all,all,47500,1
2026-09,r:food-valley,all,all,50000,2
2026-09,r:food-valley,all,all,52500,1
2026-09,r:food-valley,all,all,55000,1
2026-09,r:food-valley,all,all,60000,1
2026-09,r:food-valley,all,all,62500,1
2026-09,r:food-valley,all,senior,52500,1
2026-09,r:food-valley,all,senior,55000,1
2026-09,r:food-valley,all,unknown,47500,1
2026-09,r:food-valley,all,unknown,50000,2
2026-09,r:food-valley,all,unknown,60000,1
2026-09,r:food-valley,all,unknown,62500,1
2026-09,r:food-valley,informatica,all,50000,1
2026-09,r:food-valley,informatica,all,62500,1
2026-09,r:food-valley,informatica,unknown,50000,1
2026-09,r:food-valley,informatica,unknown,62500,1
2026-09,r:food-valley,technische-informatica,all,47500,1
2026-09,r:food-valley,technische-informatica,all,50000,1
2026-09,r:food-valley,technische-informatica,all,52500,1
2026-09,r:food-valley,technische-informatica,senior,52500,1
2026-09,r:food-valley,technische-informatica,unknown,47500,1
2026-09,r:food-valley,technische-informatica,unknown,50000,1
2026-09,r:friesland,all,all,30000,2
2026-09,r:friesland,all,all,35000,1
2026-09,r:friesland,all,all,50000,3
2026-09,r:friesland,all,all,57500,1
2026-09,r:friesland,all,all,60000,1
2026-09,r:friesland,all,all,77500,2
2026-09,r:friesland,all,junior,30000,2
2026-09,r:friesland,all,senior,77500,1
2026-09,r:friesland,all,unknown,35000,1
2026-09,r:friesland,all,unknown,50000,3
2026-09,r:friesland,all,unknown,57500,1
2026-09,r:friesland,all,unknown,60000,1
2026-09,r:friesland,all,unknown,77500,1
2026-09,r:friesland,business-it-management,all,30000,1
2026-09,r:friesland,business-it-management,all,77500,1
2026-09,r:friesland,business-it-management,junior,30000,1
2026-09,r:friesland,business-it-management,unknown,77500,1
2026-09,r:friesland,informatica,all,30000,1
2026-09,r:friesland,informatica,all,35000,1
2026-09,r:friesland,informatica,all,50000,2
2026-09,r:friesland,informatica,all,57500,1
2026-09,r:friesland,informatica,all,77500,2
2026-09,r:friesland,informatica,junior,30000,1
2026-09,r:friesland,informatica,senior,77500,1
2026-09,r:friesland,informatica,unknown,35000,1
2026-09,r:friesland,informatica,unknown,50000,2
2026-09,r:friesland,informatica,unknown,57500,1
2026-09,r:friesland,informatica,unknown,77500,1
2026-09,r:friesland,technische-informatica,all,50000,3
2026-09,r:friesland,technische-informatica,unknown,50000,3
2026-09,r:gooi-vechtstreek,all,all,30000,1
2026-09,r:gooi-vechtstreek,all,all,35000,1
2026-09,r:gooi-vechtstreek,all,all,37500,1
2026-09,r:gooi-vechtstreek,all,all,45000,2
2026-09,r:gooi-vechtstreek,all,all,50000,3
2026-09,r:gooi-vechtstreek,all,all,65000,1
2026-09,r:gooi-vechtstreek,all,all,70000,1
2026-09,r:gooi-vechtstreek,all,all,72500,1
2026-09,r:gooi-vechtstreek,all,all,75000,1
2026-09,r:gooi-vechtstreek,all,junior,37500,1
2026-09,r:gooi-vechtstreek,all,medior,45000,1
2026-09,r:gooi-vechtstreek,all,medior,50000,1
2026-09,r:gooi-vechtstreek,all,senior,50000,1
2026-09,r:gooi-vechtstreek,all,senior,65000,1
2026-09,r:gooi-vechtstreek,all,senior,72500,1
2026-09,r:gooi-vechtstreek,all,unknown,30000,1
2026-09,r:gooi-vechtstreek,all,unknown,35000,1
2026-09,r:gooi-vechtstreek,all,unknown,45000,1
2026-09,r:gooi-vechtstreek,all,unknown,50000,1
2026-09,r:gooi-vechtstreek,all,unknown,70000,1
2026-09,r:gooi-vechtstreek,all,unknown,75000,1
2026-09,r:gooi-vechtstreek,business-it-management,all,37500,1
2026-09,r:gooi-vechtstreek,business-it-management,all,45000,1
2026-09,r:gooi-vechtstreek,business-it-management,all,50000,1
2026-09,r:gooi-vechtstreek,business-it-management,junior,37500,1
2026-09,r:gooi-vechtstreek,business-it-management,unknown,45000,1
2026-09,r:gooi-vechtstreek,business-it-management,unknown,50000,1
2026-09,r:gooi-vechtstreek,informatica,all,30000,1
2026-09,r:gooi-vechtstreek,informatica,all,35000,1
2026-09,r:gooi-vechtstreek,informatica,all,45000,1
2026-09,r:gooi-vechtstreek,informatica,all,50000,2
2026-09,r:gooi-vechtstreek,informatica,all,65000,1
2026-09,r:gooi-vechtstreek,informatica,all,70000,1
2026-09,r:gooi-vechtstreek,informatica,all,72500,1
2026-09,r:gooi-vechtstreek,informatica,all,75000,1
2026-09,r:gooi-vechtstreek,informatica,medior,45000,1
2026-09,r:gooi-vechtstreek,informatica,medior,50000,1
2026-09,r:gooi-vechtstreek,informatica,senior,50000,1
2026-09,r:gooi-vechtstreek,informatica,senior,65000,1
2026-09,r:gooi-vechtstreek,informatica,senior,72500,1
2026-09,r:gooi-vechtstreek,informatica,unknown,30000,1
2026-09,r:gooi-vechtstreek,informatica,unknown,35000,1
2026-09,r:gooi-vechtstreek,informatica,unknown,70000,1
2026-09,r:gooi-vechtstreek,informatica,unknown,75000,1
2026-09,r:gorinchem,all,all,47500,1
2026-09,r:gorinchem,all,unknown,47500,1
2026-09,r:groningen,all,all,30000,2
2026-09,r:groningen,all,all,50000,2
2026-09,r:groningen,all,all,60000,1
2026-09,r:groningen,all,all,62500,1
2026-09,r:groningen,all,all,67500,2
2026-09,r:groningen,all,all,70000,1
2026-09,r:groningen,all,all,72500,1
2026-09,r:groningen,all,all,75000,1
2026-09,r:groningen,all,all,77500,1
2026-09,r:groningen,all,all,85000,1
2026-09,r:groningen,all,all,87500,1
2026-09,r:groningen,all,junior,30000,2
2026-09,r:groningen,all,junior,70000,1
2026-09,r:groningen,all,senior,60000,1
2026-09,r:groningen,all,senior,62500,1
2026-09,r:groningen,all,senior,85000,1
2026-09,r:groningen,all,unknown,50000,2
2026-09,r:groningen,all,unknown,67500,2
2026-09,r:groningen,all,unknown,72500,1
2026-09,r:groningen,all,unknown,75000,1
2026-09,r:groningen,all,unknown,77500,1
2026-09,r:groningen,all,unknown,87500,1
2026-09,r:groningen,business-it-management,all,30000,2
2026-09,r:groningen,business-it-management,all,62500,1
2026-09,r:groningen,business-it-management,all,67500,2
2026-09,r:groningen,business-it-management,all,72500,1
2026-09,r:groningen,business-it-management,all,77500,1
2026-09,r:groningen,business-it-management,all,85000,1
2026-09,r:groningen,business-it-management,junior,30000,2
2026-09,r:groningen,business-it-management,senior,62500,1
2026-09,r:groningen,business-it-management,senior,85000,1
2026-09,r:groningen,business-it-management,unknown,67500,2
2026-09,r:groningen,business-it-management,unknown,72500,1
2026-09,r:groningen,business-it-management,unknown,77500,1
2026-09,r:groningen,informatica,all,50000,2
2026-09,r:groningen,informatica,all,62500,1
2026-09,r:groningen,informatica,all,70000,1
2026-09,r:groningen,informatica,all,75000,1
2026-09,r:groningen,informatica,all,87500,1
2026-09,r:groningen,informatica,junior,70000,1
2026-09,r:groningen,informatica,senior,62500,1
2026-09,r:groningen,informatica,unknown,50000,2
2026-09,r:groningen,informatica,unknown,75000,1
2026-09,r:groningen,informatica,unknown,87500,1
2026-09,r:groot-amsterdam,all,all,120000,1
2026-09,r:groot-amsterdam,all,all,125000,1
2026-09,r:groot-amsterdam,all,all,16200,1
2026-09,r:groot-amsterdam,all,all,18000,1
2026-09,r:groot-amsterdam,all,all,200000,1
2026-09,r:groot-amsterdam,all,all,202500,1
2026-09,r:groot-amsterdam,all,all,30000,2
2026-09,r:groot-amsterdam,all,all,32500,2
2026-09,r:groot-amsterdam,all,all,35000,4
2026-09,r:groot-amsterdam,all,all,37500,5
2026-09,r:groot-amsterdam,all,all,40000,1
2026-09,r:groot-amsterdam,all,all,45000,5
2026-09,r:groot-amsterdam,all,all,47500,2
2026-09,r:groot-amsterdam,all,all,50000,2
2026-09,r:groot-amsterdam,all,all,52500,6
2026-09,r:groot-amsterdam,all,all,55000,3
2026-09,r:groot-amsterdam,all,all,57500,6
2026-09,r:groot-amsterdam,all,all,60000,7
2026-09,r:groot-amsterdam,all,all,62500,3
2026-09,r:groot-amsterdam,all,all,65000,2
2026-09,r:groot-amsterdam,all,all,67500,5
2026-09,r:groot-amsterdam,all,all,70000,1
2026-09,r:groot-amsterdam,all,all,72500,1
2026-09,r:groot-amsterdam,all,all,75000,4
2026-09,r:groot-amsterdam,all,all,77500,2
2026-09,r:groot-amsterdam,all,all,80000,1
2026-09,r:groot-amsterdam,all,all,85000,1
2026-09,r:groot-amsterdam,all,all,90000,2
2026-09,r:groot-amsterdam,all,all,92500,1
2026-09,r:groot-amsterdam,all,all,95000,2
2026-09,r:groot-amsterdam,all,all,97500,1
2026-09,r:groot-amsterdam,all,junior,16200,1
2026-09,r:groot-amsterdam,all,junior,30000,1
2026-09,r:groot-amsterdam,all,junior,32500,1
2026-09,r:groot-amsterdam,all,junior,40000,1
2026-09,r:groot-amsterdam,all,junior,45000,2
2026-09,r:groot-amsterdam,all,junior,52500,1
2026-09,r:groot-amsterdam,all,junior,90000,1
2026-09,r:groot-amsterdam,all,medior,37500,1
2026-09,r:groot-amsterdam,all,medior,90000,1
2026-09,r:groot-amsterdam,all,senior,120000,1
2026-09,r:groot-amsterdam,all,senior,125000,1
2026-09,r:groot-amsterdam,all,senior,200000,1
2026-09,r:groot-amsterdam,all,senior,202500,1
2026-09,r:groot-amsterdam,all,senior,57500,1
2026-09,r:groot-amsterdam,all,senior,75000,2
2026-09,r:groot-amsterdam,all,senior,77500,1
2026-09,r:groot-amsterdam,all,senior,85000,1
2026-09,r:groot-amsterdam,all,senior,92500,1
2026-09,r:groot-amsterdam,all,senior,95000,2
2026-09,r:groot-amsterdam,all,senior,97500,1
2026-09,r:groot-amsterdam,all,unknown,18000,1
2026-09,r:groot-amsterdam,all,unknown,30000,1
2026-09,r:groot-amsterdam,all,unknown,32500,1
2026-09,r:groot-amsterdam,all,unknown,35000,4
2026-09,r:groot-amsterdam,all,unknown,37500,4
2026-09,r:groot-amsterdam,all,unknown,45000,3
2026-09,r:groot-amsterdam,all,unknown,47500,2
2026-09,r:groot-amsterdam,all,unknown,50000,2
2026-09,r:groot-amsterdam,all,unknown,52500,5
2026-09,r:groot-amsterdam,all,unknown,55000,3
2026-09,r:groot-amsterdam,all,unknown,57500,5
2026-09,r:groot-amsterdam,all,unknown,60000,7
2026-09,r:groot-amsterdam,all,unknown,62500,3
2026-09,r:groot-amsterdam,all,unknown,65000,2
2026-09,r:groot-amsterdam,all,unknown,67500,5
2026-09,r:groot-amsterdam,all,unknown,70000,1
2026-09,r:groot-amsterdam,all,unknown,72500,1
2026-09,r:groot-amsterdam,all,unknown,75000,2
2026-09,r:groot-amsterdam,all,unknown,77500,1
2026-09,r:groot-amsterdam,all,unknown,80000,1
2026-09,r:groot-amsterdam,business-it-management,all,16200,1
2026-09,r:groot-amsterdam,business-it-management,all,32500,1
2026-09,r:groot-amsterdam,business-it-management,all,37500,1
2026-09,r:groot-amsterdam,business-it-management,all,40000,1
2026-09,r:groot-amsterdam,business-it-management,all,47500,1
2026-09,r:groot-amsterdam,business-it-management,all,52500,2
2026-09,r:groot-amsterdam,business-it-management,all,55000,1
2026-09,r:groot-amsterdam,business-it-management,all,57500,1
2026-09,r:groot-amsterdam,business-it-management,all,60000,3
2026-09,r:groot-amsterdam,business-it-management,all,67500,3
2026-09,r:groot-amsterdam,business-it-management,all,72500,1
2026-09,r:groot-amsterdam,business-it-management,all,75000,1
2026-09,r:groot-amsterdam,business-it-management,all,77500,1
2026-09,r:groot-amsterdam,business-it-management,junior,16200,1
2026-09,r:groot-amsterdam,business-it-management,junior,32500,1
2026-09,r:groot-amsterdam,business-it-management,junior,40000,1
2026-09,r:groot-amsterdam,business-it-management,junior,52500,1
2026-09,r:groot-amsterdam,business-it-management,senior,75000,1
2026-09,r:groot-amsterdam,business-it-management,unknown,37500,1
2026-09,r:groot-amsterdam,business-it-management,unknown,47500,1
2026-09,r:groot-amsterdam,business-it-management,unknown,52500,1
2026-09,r:groot-amsterdam,business-it-management,unknown,55000,1
2026-09,r:groot-amsterdam,business-it-management,unknown,57500,1
2026-09,r:groot-amsterdam,business-it-management,unknown,60000,3
2026-09,r:groot-amsterdam,business-it-management,unknown,67500,3
2026-09,r:groot-amsterdam,business-it-management,unknown,72500,1
2026-09,r:groot-amsterdam,business-it-management,unknown,77500,1
2026-09,r:groot-amsterdam,informatica,all,120000,1
2026-09,r:groot-amsterdam,informatica,all,125000,1
2026-09,r:groot-amsterdam,informatica,all,18000,1
2026-09,r:groot-amsterdam,informatica,all,200000,1
2026-09,r:groot-amsterdam,informatica,all,202500,1
2026-09,r:groot-amsterdam,informatica,all,30000,1
2026-09,r:groot-amsterdam,informatica,all,35000,1
2026-09,r:groot-amsterdam,informatica,all,37500,3
2026-09,r:groot-amsterdam,informatica,all,40000,1
2026-09,r:groot-amsterdam,informatica,all,45000,4
2026-09,r:groot-amsterdam,informatica,all,50000,2
2026-09,r:groot-amsterdam,informatica,all,52500,3
2026-09,r:groot-amsterdam,informatica,all,55000,2
2026-09,r:groot-amsterdam,informatica,all,57500,4
2026-09,r:groot-amsterdam,informatica,all,60000,4
2026-09,r:groot-amsterdam,informatica,all,62500,3
2026-09,r:groot-amsterdam,informatica,all,65000,2
2026-09,r:groot-amsterdam,informatica,all,67500,3
2026-09,r:groot-amsterdam,informatica,all,70000,1
2026-09,r:groot-amsterdam,informatica,all,75000,3
2026-09,r:groot-amsterdam,informatica,all,77500,1
2026-09,r:groot-amsterdam,informatica,all,80000,1
2026-09,r:groot-amsterdam,informatica,all,85000,1
2026-09,r:groot-amsterdam,informatica,all,90000,1
2026-09,r:groot-amsterdam,informatica,all,92500,1
2026-09,r:groot-amsterdam,informatica,all,95000,2
2026-09,r:groot-amsterdam,informatica,all,97500,1
2026-09,r:groot-amsterdam,informatica,junior,40000,1
2026-09,r:groot-amsterdam,informatica,junior,45000,2
2026-09,r:groot-amsterdam,informatica,junior,90000,1
2026-09,r:groot-amsterdam,informatica,senior,120000,1
2026-09,r:groot-amsterdam,informatica,senior,125000,1
2026-09,r:groot-amsterdam,informatica,senior,200000,1
2026-09,r:groot-amsterdam,informatica,senior,202500,1
2026-09,r:groot-amsterdam,informatica,senior,75000,1
2026-09,r:groot-amsterdam,informatica,senior,77500,1
2026-09,r:groot-amsterdam,informatica,senior,85000,1
2026-09,r:groot-amsterdam,informatica,senior,92500,1
2026-09,r:groot-amsterdam,informatica,senior,95000,2
2026-09,r:groot-amsterdam,informatica,senior,97500,1
2026-09,r:groot-amsterdam,informatica,unknown,18000,1
2026-09,r:groot-amsterdam,informatica,unknown,30000,1
2026-09,r:groot-amsterdam,informatica,unknown,35000,1
2026-09,r:groot-amsterdam,informatica,unknown,37500,3
2026-09,r:groot-amsterdam,informatica,unknown,45000,2
2026-09,r:groot-amsterdam,informatica,unknown,50000,2
2026-09,r:groot-amsterdam,informatica,unknown,52500,3
2026-09,r:groot-amsterdam,informatica,unknown,55000,2
2026-09,r:groot-amsterdam,informatica,unknown,57500,4
2026-09,r:groot-amsterdam,informatica,unknown,60000,4
2026-09,r:groot-amsterdam,informatica,unknown,62500,3
2026-09,r:groot-amsterdam,informatica,unknown,65000,2
2026-09,r:groot-amsterdam,informatica,unknown,67500,3
2026-09,r:groot-amsterdam,informatica,unknown,70000,1
2026-09,r:groot-amsterdam,informatica,unknown,75000,2
2026-09,r:groot-amsterdam,informatica,unknown,80000,1
2026-09,r:haaglanden,all,all,112500,1
2026-09,r:haaglanden,all,all,14400,1
2026-09,r:haaglanden,all,all,24000,1
2026-09,r:haaglanden,all,all,35000,3
2026-09,r:haaglanden,all,all,37500,2
2026-09,r:haaglanden,all,all,40000,1
2026-09,r:haaglanden,all,all,45000,3
2026-09,r:haaglanden,all,all,52500,1
2026-09,r:haaglanden,all,all,60000,1
2026-09,r:haaglanden,all,all,62500,1
2026-09,r:haaglanden,all,all,65000,3
2026-09,r:haaglanden,all,all,67500,3
2026-09,r:haaglanden,all,all,70000,5
2026-09,r:haaglanden,all,all,72500,1
2026-09,r:haaglanden,all,all,77500,1
2026-09,r:haaglanden,all,all,87500,1
2026-09,r:haaglanden,all,all,90000,1
2026-09,r:haaglanden,all,all,95000,1
2026-09,r:haaglanden,all,junior,45000,1
2026-09,r:haaglanden,all,medior,65000,1
2026-09,r:haaglanden,all,senior,52500,1
2026-09,r:haaglanden,all,senior,65000,2
2026-09,r:haaglanden,all,senior,70000,3
2026-09,r:haaglanden,all,senior,95000,1
2026-09,r:haaglanden,all,unknown,112500,1
2026-09,r:haaglanden,all,unknown,14400,1
2026-09,r:haaglanden,all,unknown,24000,1
2026-09,r:haaglanden,all,unknown,35000,3
2026-09,r:haaglanden,all,unknown,37500,2
2026-09,r:haaglanden,all,unknown,40000,1
2026-09,r:haaglanden,all,unknown,45000,2
2026-09,r:haaglanden,all,unknown,60000,1
2026-09,r:haaglanden,all,unknown,62500,1
2026-09,r:haaglanden,all,unknown,67500,3
2026-09,r:haaglanden,all,unknown,70000,2
2026-09,r:haaglanden,all,unknown,72500,1
2026-09,r:haaglanden,all,unknown,77500,1
2026-09,r:haaglanden,all,unknown,87500,1
2026-09,r:haaglanden,all,unknown,90000,1
2026-09,r:haaglanden,business-it-management,all,37500,2
2026-09,r:haaglanden,business-it-management,all,40000,1
2026-09,r:haaglanden,business-it-management,all,45000,1
2026-09,r:haaglanden,business-it-management,all,67500,2
2026-09,r:haaglanden,business-it-management,all,70000,1
2026-09,r:haaglanden,business-it-management,all,72500,1
2026-09,r:haaglanden,business-it-management,all,77500,1
2026-09,r:haaglanden,business-it-management,senior,70000,1
2026-09,r:haaglanden,business-it-management,unknown,37500,2
2026-09,r:haaglanden,business-it-management,unknown,40000,1
2026-09,r:haaglanden,business-it-management,unknown,45000,1
2026-09,r:haaglanden,business-it-management,unknown,67500,2
2026-09,r:haaglanden,business-it-management,unknown,72500,1
2026-09,r:haaglanden,business-it-management,unknown,77500,1
2026-09,r:haaglanden,informatica,all,112500,1
2026-09,r:haaglanden,informatica,all,14400,1
2026-09,r:haaglanden,informatica,all,37500,2
2026-09,r:haaglanden,informatica,all,40000,1
2026-09,r:haaglanden,informatica,all,45000,3
2026-09,r:haaglanden,informatica,all,52500,1
2026-09,r:haaglanden,informatica,all,60000,1
2026-09,r:haaglanden,informatica,all,62500,1
2026-09,r:haaglanden,informatica,all,65000,3
2026-09,r:haaglanden,informatica,all,67500,1
2026-09,r:haaglanden,informatica,all,70000,3
2026-09,r:haaglanden,informatica,all,87500,1
2026-09,r:haaglanden,informatica,all,90000,1
2026-09,r:haaglanden,informatica,all,95000,1
2026-09,r:haaglanden,informatica,junior,45000,1
2026-09,r:haaglanden,informatica,medior,65000,1
2026-09,r:haaglanden,informatica,senior,52500,1
2026-09,r:haaglanden,informatica,senior,65000,2
2026-09,r:haaglanden,informatica,senior,70000,2
2026-09,r:haaglanden,informatica,senior,95000,1
2026-09,r:haaglanden,informatica,unknown,112500,1
2026-09,r:haaglanden,informatica,unknown,14400,1
2026-09,r:haaglanden,informatica,unknown,37500,2
2026-09,r:haaglanden,informatica,unknown,40000,1
2026-09,r:haaglanden,informatica,unknown,45000,2
2026-09,r:haaglanden,informatica,unknown,60000,1
2026-09,r:haaglanden,informatica,unknown,62500,1
2026-09,r:haaglanden,informatica,unknown,67500,1
2026-09,r:haaglanden,informatica,unknown,70000,1
2026-09,r:haaglanden,informatica,unknown,87500,1
2026-09,r:haaglanden,informatica,unknown,90000,1
2026-09,r:haaglanden,technische-informatica,all,70000,1
2026-09,r:haaglanden,technische-informatica,senior,70000,1
2026-09,r:helmond-de-peel,all,all,67500,1
2026-09,r:helmond-de-peel,all,senior,67500,1
2026-09,r:holland-rijnland,all,all,42500,1
2026-09,r:holland-rijnland,all,unknown,42500,1
2026-09,r:holland-rijnland,informatica,all,42500,1
2026-09,r:holland-rijnland,informatica,unknown,42500,1
2026-09,r:midden-brabant,all,all,32500,2
2026-09,r:midden-brabant,all,all,37500,3
2026-09,r:midden-brabant,all,all,55000,1
2026-09,r:midden-brabant,all,junior,32500,1
2026-09,r:midden-brabant,all,junior,37500,1
2026-09,r:midden-brabant,all,unknown,32500,1
2026-09,r:midden-brabant,all,unknown,37500,2
2026-09,r:midden-brabant,all,unknown,55000,1
2026-09,r:midden-brabant,business-it-management,all,37500,1
2026-09,r:midden-brabant,business-it-management,junior,37500,1
2026-09,r:midden-brabant,informatica,all,55000,1
2026-09,r:midden-brabant,informatica,unknown,55000,1
2026-09,r:midden-gelderland,all,all,35000,1
2026-09,r:midden-gelderland,all,all,40000,3
2026-09,r:midden-gelderland,all,all,42500,2
2026-09,r:midden-gelderland,all,all,45000,6
2026-09,r:midden-gelderland,all,all,47500,2
2026-09,r:midden-gelderland,all,all,50000,1
2026-09,r:midden-gelderland,all,all,55000,1
2026-09,r:midden-gelderland,all,all,60000,1
2026-09,r:midden-gelderland,all,all,62500,1
2026-09,r:midden-gelderland,all,all,67500,1
2026-09,r:midden-gelderland,all,all,70000,2
2026-09,r:midden-gelderland,all,all,72500,1
2026-09,r:midden-gelderland,all,all,77500,1
2026-09,r:midden-gelderland,all,all,82500,1
2026-09,r:midden-gelderland,all,junior,40000,1
2026-09,r:midden-gelderland,all,junior,45000,1
2026-09,r:midden-gelderland,all,senior,67500,1
2026-09,r:midden-gelderland,all,senior,70000,1
2026-09,r:midden-gelderland,all,senior,77500,1
2026-09,r:midden-gelderland,all,senior,82500,1
2026-09,r:midden-gelderland,all,unknown,35000,1
2026-09,r:midden-gelderland,all,unknown,40000,2
2026-09,r:midden-gelderland,all,unknown,42500,2
2026-09,r:midden-gelderland,all,unknown,45000,5
2026-09,r:midden-gelderland,all,unknown,47500,2
2026-09,r:midden-gelderland,all,unknown,50000,1
2026-09,r:midden-gelderland,all,unknown,55000,1
2026-09,r:midden-gelderland,all,unknown,60000,1
2026-09,r:midden-gelderland,all,unknown,62500,1
2026-09,r:midden-gelderland,all,unknown,70000,1
2026-09,r:midden-gelderland,all,unknown,72500,1
2026-09,r:midden-gelderland,business-it-management,all,42500,1
2026-09,r:midden-gelderland,business-it-management,all,45000,1
2026-09,r:midden-gelderland,business-it-management,all,47500,1
2026-09,r:midden-gelderland,business-it-management,all,50000,1
2026-09,r:midden-gelderland,business-it-management,all,60000,1
2026-09,r:midden-gelderland,business-it-management,all,62500,1
2026-09,r:midden-gelderland,business-it-management,all,72500,1
2026-09,r:midden-gelderland,business-it-management,junior,45000,1
2026-09,r:midden-gelderland,business-it-management,unknown,42500,1
2026-09,r:midden-gelderland,business-it-management,unknown,47500,1
2026-09,r:midden-gelderland,business-it-management,unknown,50000,1
2026-09,r:midden-gelderland,business-it-management,unknown,60000,1
2026-09,r:midden-gelderland,business-it-management,unknown,62500,1
2026-09,r:midden-gelderland,business-it-management,unknown,72500,1
2026-09,r:midden-gelderland,informatica,all,45000,1
2026-09,r:midden-gelderland,informatica,all,47500,1
2026-09,r:midden-gelderland,informatica,all,55000,1
2026-09,r:midden-gelderland,informatica,all,67500,1
2026-09,r:midden-gelderland,informatica,all,70000,1
2026-09,r:midden-gelderland,informatica,all,77500,1
2026-09,r:midden-gelderland,informatica,all,82500,1
2026-09,r:midden-gelderland,informatica,senior,67500,1
2026-09,r:midden-gelderland,informatica,senior,70000,1
2026-09,r:midden-gelderland,informatica,senior,77500,1
2026-09,r:midden-gelderland,informatica,senior,82500,1
2026-09,r:midden-gelderland,informatica,unknown,45000,1
2026-09,r:midden-gelderland,informatica,unknown,47500,1
2026-09,r:midden-gelderland,informatica,unknown,55000,1
2026-09,r:midden-gelderland,technische-informatica,all,55000,1
2026-09,r:midden-gelderland,technische-informatica,unknown,55000,1
2026-09,r:midden-holland,all,all,32500,1
2026-09,r:midden-holland,all,all,47500,2
2026-09,r:midden-holland,all,all,50000,1
2026-09,r:midden-holland,all,unknown,32500,1
2026-09,r:midden-holland,all,unknown,47500,2
2026-09,r:midden-holland,all,unknown,50000,1
2026-09,r:midden-holland,business-it-management,all,47500,2
2026-09,r:midden-holland,business-it-management,unknown,47500,2
2026-09,r:midden-holland,informatica,all,47500,2
2026-09,r:midden-holland,informatica,all,50000,1
2026-09,r:midden-holland,informatica,unknown,47500,2
2026-09,r:midden-holland,informatica,unknown,50000,1
2026-09,r:midden-limburg,all,all,115000,3
2026-09,r:midden-limburg,all,all,47500,1
2026-09,r:midden-limburg,all,all,60000,1
2026-09,r:midden-limburg,all,all,82500,1
2026-09,r:midden-limburg,all,senior,115000,2
2026-09,r:midden-limburg,all,unknown,115000,1
2026-09,r:midden-limburg,all,unknown,47500,1
2026-09,r:midden-limburg,all,unknown,60000,1
2026-09,r:midden-limburg,all,unknown,82500,1
2026-09,r:midden-limburg,business-it-management,all,60000,1
2026-09,r:midden-limburg,business-it-management,unknown,60000,1
2026-09,r:midden-limburg,informatica,all,115000,3
2026-09,r:midden-limburg,informatica,all,47500,1
2026-09,r:midden-limburg,informatica,all,60000,1
2026-09,r:midden-limburg,informatica,all,82500,1
2026-09,r:midden-limburg,informatica,senior,115000,2
2026-09,r:midden-limburg,informatica,unknown,115000,1
2026-09,r:midden-limburg,informatica,unknown,47500,1
2026-09,r:midden-limburg,informatica,unknown,60000,1
2026-09,r:midden-limburg,informatica,unknown,82500,1
2026-09,r:midden-limburg,technische-informatica,all,47500,1
2026-09,r:midden-limburg,technische-informatica,unknown,47500,1
2026-09,r:midden-utrecht,all,all,28200,1
2026-09,r:midden-utrecht,all,all,30000,4
2026-09,r:midden-utrecht,all,all,32500,2
2026-09,r:midden-utrecht,all,all,35000,2
2026-09,r:midden-utrecht,all,all,37500,3
2026-09,r:midden-utrecht,all,all,40000,2
2026-09,r:midden-utrecht,all,all,45000,2
2026-09,r:midden-utrecht,all,all,47500,2
2026-09,r:midden-utrecht,all,all,50000,3
2026-09,r:midden-utrecht,all,all,52500,1
2026-09,r:midden-utrecht,all,all,55000,5
2026-09,r:midden-utrecht,all,all,57500,3
2026-09,r:midden-utrecht,all,all,60000,1
2026-09,r:midden-utrecht,all,all,62500,6
2026-09,r:midden-utrecht,all,all,65000,8
2026-09,r:midden-utrecht,all,all,67500,4
2026-09,r:midden-utrecht,all,all,70000,2
2026-09,r:midden-utrecht,all,all,72500,3
2026-09,r:midden-utrecht,all,all,75000,4
2026-09,r:midden-utrecht,all,all,77500,3
2026-09,r:midden-utrecht,all,all,80000,1
2026-09,r:midden-utrecht,all,all,85000,2
2026-09,r:midden-utrecht,all,all,87500,1
2026-09,r:midden-utrecht,all,all,90000,1
2026-09,r:midden-utrecht,all,junior,28200,1
2026-09,r:midden-utrecht,all,junior,30000,4
2026-09,r:midden-utrecht,all,junior,32500,2
2026-09,r:midden-utrecht,all,junior,47500,1
2026-09,r:midden-utrecht,all,medior,37500,1
2026-09,r:midden-utrecht,all,medior,55000,1
2026-09,r:midden-utrecht,all,medior,57500,3
2026-09,r:midden-utrecht,all,medior,65000,1
2026-09,r:midden-utrecht,all,senior,50000,1
2026-09,r:midden-utrecht,all,senior,55000,1
2026-09,r:midden-utrecht,all,senior,62500,2
2026-09,r:midden-utrecht,all,senior,65000,6
2026-09,r:midden-utrecht,all,senior,67500,3
2026-09,r:midden-utrecht,all,senior,70000,1
2026-09,r:midden-utrecht,all,senior,72500,2
2026-09,r:midden-utrecht,all,senior,75000,1
2026-09,r:midden-utrecht,all,senior,77500,1
2026-09,r:midden-utrecht,all,senior,80000,1
2026-09,r:midden-utrecht,all,senior,85000,1
2026-09,r:midden-utrecht,all,unknown,35000,2
2026-09,r:midden-utrecht,all,unknown,37500,2
2026-09,r:midden-utrecht,all,unknown,40000,2
2026-09,r:midden-utrecht,all,unknown,45000,2
2026-09,r:midden-utrecht,all,unknown,47500,1
2026-09,r:midden-utrecht,all,unknown,50000,2
2026-09,r:midden-utrecht,all,unknown,52500,1
2026-09,r:midden-utrecht,all,unknown,55000,3
2026-09,r:midden-utrecht,all,unknown,60000,1
2026-09,r:midden-utrecht,all,unknown,62500,4
2026-09,r:midden-utrecht,all,unknown,65000,1
2026-09,r:midden-utrecht,all,unknown,67500,1
2026-09,r:midden-utrecht,all,unknown,70000,1
2026-09,r:midden-utrecht,all,unknown,72500,1
2026-09,r:midden-utrecht,all,unknown,75000,3
2026-09,r:midden-utrecht,all,unknown,77500,2
2026-09,r:midden-utrecht,all,unknown,85000,1
2026-09,r:midden-utrecht,all,unknown,87500,1
2026-09,r:midden-utrecht,all,unknown,90000,1
2026-09,r:midden-utrecht,business-it-management,all,28200,1
2026-09,r:midden-utrecht,business-it-management,all,30000,1
2026-09,r:midden-utrecht,business-it-management,all,32500,1
2026-09,r:midden-utrecht,business-it-management,all,40000,1
2026-09,r:midden-utrecht,business-it-management,all,47500,1
2026-09,r:midden-utrecht,business-it-management,all,55000,1
2026-09,r:midden-utrecht,business-it-management,all,57500,1
2026-09,r:midden-utrecht,business-it-management,all,60000,1
2026-09,r:midden-utrecht,business-it-management,all,62500,4
2026-09,r:midden-utrecht,business-it-management,all,65000,3
2026-09,r:midden-utrecht,business-it-management,all,67500,1
2026-09,r:midden-utrecht,business-it-management,all,72500,1
2026-09,r:midden-utrecht,business-it-management,all,75000,1
2026-09,r:midden-utrecht,business-it-management,all,77500,1
2026-09,r:midden-utrecht,business-it-management,all,90000,1
2026-09,r:midden-utrecht,business-it-management,junior,28200,1
2026-09,r:midden-utrecht,business-it-management,junior,30000,1
2026-09,r:midden-utrecht,business-it-management,junior,32500,1
2026-09,r:midden-utrecht,business-it-management,medior,57500,1
2026-09,r:midden-utrecht,business-it-management,medior,65000,1
2026-09,r:midden-utrecht,business-it-management,senior,62500,2
2026-09,r:midden-utrecht,business-it-management,senior,65000,1
2026-09,r:midden-utrecht,business-it-management,unknown,40000,1
2026-09,r:midden-utrecht,business-it-management,unknown,47500,1
2026-09,r:midden-utrecht,business-it-management,unknown,55000,1
2026-09,r:midden-utrecht,business-it-management,unknown,60000,1
2026-09,r:midden-utrecht,business-it-management,unknown,62500,2
2026-09,r:midden-utrecht,business-it-management,unknown,65000,1
2026-09,r:midden-utrecht,business-it-management,unknown,67500,1
2026-09,r:midden-utrecht,business-it-management,unknown,72500,1
2026-09,r:midden-utrecht,business-it-management,unknown,75000,1
2026-09,r:midden-utrecht,business-it-management,unknown,77500,1
2026-09,r:midden-utrecht,business-it-management,unknown,90000,1
2026-09,r:midden-utrecht,informatica,all,30000,3
2026-09,r:midden-utrecht,informatica,all,32500,1
2026-09,r:midden-utrecht,informatica,all,37500,1
2026-09,r:midden-utrecht,informatica,all,40000,1
2026-09,r:midden-utrecht,informatica,all,47500,1
2026-09,r:midden-utrecht,informatica,all,50000,1
2026-09,r:midden-utrecht,informatica,all,52500,1
2026-09,r:midden-utrecht,informatica,all,55000,3
2026-09,r:midden-utrecht,informatica,all,57500,2
2026-09,r:midden-utrecht,informatica,all,62500,2
2026-09,r:midden-utrecht,informatica,all,65000,4
2026-09,r:midden-utrecht,informatica,all,67500,3
2026-09,r:midden-utrecht,informatica,all,70000,2
2026-09,r:midden-utrecht,informatica,all,72500,2
2026-09,r:midden-utrecht,informatica,all,75000,2
2026-09,r:midden-utrecht,informatica,all,77500,2
2026-09,r:midden-utrecht,informatica,all,85000,2
2026-09,r:midden-utrecht,informatica,all,87500,1
2026-09,r:midden-utrecht,informatica,junior,30000,3
2026-09,r:midden-utrecht,informatica,junior,32500,1
2026-09,r:midden-utrecht,informatica,junior,47500,1
2026-09,r:midden-utrecht,informatica,medior,55000,1
2026-09,r:midden-utrecht,informatica,medior,57500,2
2026-09,r:midden-utrecht,informatica,senior,55000,1
2026-09,r:midden-utrecht,informatica,senior,65000,4
2026-09,r:midden-utrecht,informatica,senior,67500,3
2026-09,r:midden-utrecht,informatica,senior,70000,1
2026-09,r:midden-utrecht,informatica,senior,72500,2
2026-09,r:midden-utrecht,informatica,senior,75000,1
2026-09,r:midden-utrecht,informatica,senior,77500,1
2026-09,r:midden-utrecht,informatica,senior,85000,1
2026-09,r:midden-utrecht,informatica,unknown,37500,1
2026-09,r:midden-utrecht,informatica,unknown,40000,1
2026-09,r:midden-utrecht,informatica,unknown,50000,1
2026-09,r:midden-utrecht,informatica,unknown,52500,1
2026-09,r:midden-utrecht,informatica,unknown,55000,1
2026-09,r:midden-utrecht,informatica,unknown,62500,2
2026-09,r:midden-utrecht,informatica,unknown,70000,1
2026-09,r:midden-utrecht,informatica,unknown,75000,1
2026-09,r:midden-utrecht,informatica,unknown,77500,1
2026-09,r:midden-utrecht,informatica,unknown,85000,1
2026-09,r:midden-utrecht,informatica,unknown,87500,1
2026-09,r:midden-utrecht,technische-informatica,all,45000,1
2026-09,r:midden-utrecht,technische-informatica,all,50000,1
2026-09,r:midden-utrecht,technische-informatica,all,55000,1
2026-09,r:midden-utrecht,technische-informatica,unknown,45000,1
2026-09,r:midden-utrecht,technische-informatica,unknown,50000,1
2026-09,r:midden-utrecht,technische-informatica,unknown,55000,1
2026-09,r:noord-holland-noord,all,all,47500,1
2026-09,r:noord-holland-noord,all,all,65000,1
2026-09,r:noord-holland-noord,all,unknown,47500,1
2026-09,r:noord-holland-noord,all,unknown,65000,1
2026-09,r:noord-holland-noord,business-it-management,all,65000,1
2026-09,r:noord-holland-noord,business-it-management,unknown,65000,1
2026-09,r:noord-holland-noord,informatica,all,47500,1
2026-09,r:noord-holland-noord,informatica,unknown,47500,1
2026-09,r:noord-limburg,all,all,52500,1
2026-09,r:noord-limburg,all,all,60000,2
2026-09,r:noord-limburg,all,unknown,52500,1
2026-09,r:noord-limburg,all,unknown,60000,2
2026-09,r:noord-limburg,informatica,all,60000,2
2026-09,r:noord-limburg,informatica,unknown,60000,2
2026-09,r:noord-limburg,technische-informatica,all,52500,1
2026-09,r:noord-limburg,technische-informatica,unknown,52500,1
2026-09,r:noordoost-brabant,all,all,32500,1
2026-09,r:noordoost-brabant,all,all,35000,1
2026-09,r:noordoost-brabant,all,all,45000,1
2026-09,r:noordoost-brabant,all,all,47500,2
2026-09,r:noordoost-brabant,all,all,50000,1
2026-09,r:noordoost-brabant,all,all,52500,2
2026-09,r:noordoost-brabant,all,all,55000,1
2026-09,r:noordoost-brabant,all,all,60000,3
2026-09,r:noordoost-brabant,all,all,62500,3
2026-09,r:noordoost-brabant,all,all,67500,1
2026-09,r:noordoost-brabant,all,all,70000,1
2026-09,r:noordoost-brabant,all,all,72500,1
2026-09,r:noordoost-brabant,all,all,75000,1
2026-09,r:noordoost-brabant,all,all,82500,1
2026-09,r:noordoost-brabant,all,all,92500,1
2026-09,r:noordoost-brabant,all,senior,60000,1
2026-09,r:noordoost-brabant,all,senior,82500,1
2026-09,r:noordoost-brabant,all,unknown,32500,1
2026-09,r:noordoost-brabant,all,unknown,35000,1
2026-09,r:noordoost-brabant,all,unknown,45000,1
2026-09,r:noordoost-brabant,all,unknown,47500,2
2026-09,r:noordoost-brabant,all,unknown,50000,1
2026-09,r:noordoost-brabant,all,unknown,52500,2
2026-09,r:noordoost-brabant,all,unknown,55000,1
2026-09,r:noordoost-brabant,all,unknown,60000,2
2026-09,r:noordoost-brabant,all,unknown,62500,3
2026-09,r:noordoost-brabant,all,unknown,67500,1
2026-09,r:noordoost-brabant,all,unknown,70000,1
2026-09,r:noordoost-brabant,all,unknown,72500,1
2026-09,r:noordoost-brabant,all,unknown,75000,1
2026-09,r:noordoost-brabant,all,unknown,92500,1
2026-09,r:noordoost-brabant,business-it-management,all,50000,1
2026-09,r:noordoost-brabant,business-it-management,all,62500,2
2026-09,r:noordoost-brabant,business-it-management,all,67500,1
2026-09,r:noordoost-brabant,business-it-management,all,70000,1
2026-09,r:noordoost-brabant,business-it-management,all,75000,1
2026-09,r:noordoost-brabant,business-it-management,unknown,50000,1
2026-09,r:noordoost-brabant,business-it-management,unknown,62500,2
2026-09,r:noordoost-brabant,business-it-management,unknown,67500,1
2026-09,r:noordoost-brabant,business-it-management,unknown,70000,1
2026-09,r:noordoost-brabant,business-it-management,unknown,75000,1
2026-09,r:noordoost-brabant,informatica,all,47500,2
2026-09,r:noordoost-brabant,informatica,all,52500,1
2026-09,r:noordoost-brabant,informatica,all,60000,3
2026-09,r:noordoost-brabant,informatica,all,62500,1
2026-09,r:noordoost-brabant,informatica,all,72500,1
2026-09,r:noordoost-brabant,informatica,all,82500,1
2026-09,r:noordoost-brabant,informatica,senior,60000,1
2026-09,r:noordoost-brabant,informatica,senior,82500,1
2026-09,r:noordoost-brabant,informatica,unknown,47500,2
2026-09,r:noordoost-brabant,informatica,unknown,52500,1
2026-09,r:noordoost-brabant,informatica,unknown,60000,2
2026-09,r:noordoost-brabant,informatica,unknown,62500,1
2026-09,r:noordoost-brabant,informatica,unknown,72500,1
2026-09,r:noordoost-brabant,technische-informatica,all,45000,1
2026-09,r:noordoost-brabant,technische-informatica,all,47500,1
2026-09,r:noordoost-brabant,technische-informatica,unknown,45000,1
2026-09,r:noordoost-brabant,technische-informatica,unknown,47500,1
2026-09,r:regio-zwolle,all,all,35000,1
2026-09,r:regio-zwolle,all,all,60000,3
2026-09,r:regio-zwolle,all,all,62500,1
2026-09,r:regio-zwolle,all,all,67500,1
2026-09,r:regio-zwolle,all,all,70000,1
2026-09,r:regio-zwolle,all,all,72500,1
2026-09,r:regio-zwolle,all,all,77500,1
2026-09,r:regio-zwolle,all,all,87500,1
2026-09,r:regio-zwolle,all,unknown,35000,1
2026-09,r:regio-zwolle,all,unknown,60000,3
2026-09,r:regio-zwolle,all,unknown,62500,1
2026-09,r:regio-zwolle,all,unknown,67500,1
2026-09,r:regio-zwolle,all,unknown,70000,1
2026-09,r:regio-zwolle,all,unknown,72500,1
2026-09,r:regio-zwolle,all,unknown,77500,1
2026-09,r:regio-zwolle,all,unknown,87500,1
2026-09,r:regio-zwolle,business-it-management,all,35000,1
2026-09,r:regio-zwolle,business-it-management,all,60000,2
2026-09,r:regio-zwolle,business-it-management,all,67500,1
2026-09,r:regio-zwolle,business-it-management,all,72500,1
2026-09,r:regio-zwolle,business-it-management,all,77500,1
2026-09,r:regio-zwolle,business-it-management,unknown,35000,1
2026-09,r:regio-zwolle,business-it-management,unknown,60000,2
2026-09,r:regio-zwolle,business-it-management,unknown,67500,1
2026-09,r:regio-zwolle,business-it-management,unknown,72500,1
2026-09,r:regio-zwolle,business-it-management,unknown,77500,1
2026-09,r:regio-zwolle,informatica,all,60000,1
2026-09,r:regio-zwolle,informatica,all,62500,1
2026-09,r:regio-zwolle,informatica,all,70000,1
2026-09,r:regio-zwolle,informatica,all,87500,1
2026-09,r:regio-zwolle,informatica,unknown,60000,1
2026-09,r:regio-zwolle,informatica,unknown,62500,1
2026-09,r:regio-zwolle,informatica,unknown,70000,1
2026-09,r:regio-zwolle,informatica,unknown,87500,1
2026-09,r:rijk-van-nijmegen,all,all,35000,2
2026-09,r:rijk-van-nijmegen,all,all,55000,2
2026-09,r:rijk-van-nijmegen,all,all,60000,2
2026-09,r:rijk-van-nijmegen,all,all,67500,1
2026-09,r:rijk-van-nijmegen,all,medior,55000,1
2026-09,r:rijk-van-nijmegen,all,senior,67500,1
2026-09,r:rijk-van-nijmegen,all,unknown,35000,2
2026-09,r:rijk-van-nijmegen,all,unknown,55000,1
2026-09,r:rijk-van-nijmegen,all,unknown,60000,2
2026-09,r:rijk-van-nijmegen,business-it-management,all,55000,2
2026-09,r:rijk-van-nijmegen,business-it-management,all,60000,1
2026-09,r:rijk-van-nijmegen,business-it-management,medior,55000,1
2026-09,r:rijk-van-nijmegen,business-it-management,unknown,55000,1
2026-09,r:rijk-van-nijmegen,business-it-management,unknown,60000,1
2026-09,r:rijk-van-nijmegen,informatica,all,67500,1
2026-09,r:rijk-van-nijmegen,informatica,senior,67500,1
2026-09,r:rijnmond,all,all,13800,1
2026-09,r:rijnmond,all,all,28200,1
2026-09,r:rijnmond,all,all,30000,4
2026-09,r:rijnmond,all,all,35000,4
2026-09,r:rijnmond,all,all,37500,2
2026-09,r:rijnmond,all,all,40000,2
2026-09,r:rijnmond,all,all,42500,1
2026-09,r:rijnmond,all,all,47500,1
2026-09,r:rijnmond,all,all,50000,5
2026-09,r:rijnmond,all,all,52500,3
2026-09,r:rijnmond,all,all,55000,3
2026-09,r:rijnmond,all,all,57500,2
2026-09,r:rijnmond,all,all,60000,4
2026-09,r:rijnmond,all,all,62500,1
2026-09,r:rijnmond,all,all,65000,4
2026-09,r:rijnmond,all,all,67500,1
2026-09,r:rijnmond,all,all,70000,3
2026-09,r:rijnmond,all,all,75000,3
2026-09,r:rijnmond,all,junior,28200,1
2026-09,r:rijnmond,all,junior,30000,2
2026-09,r:rijnmond,all,junior,35000,1
2026-09,r:rijnmond,all,junior,37500,1
2026-09,r:rijnmond,all,junior,55000,1
2026-09,r:rijnmond,all,medior,50000,1
2026-09,r:rijnmond,all,medior,55000,1
2026-09,r:rijnmond,all,medior,60000,1
2026-09,r:rijnmond,all,senior,52500,3
2026-09,r:rijnmond,all,senior,65000,1
2026-09,r:rijnmond,all,senior,70000,1
2026-09,r:rijnmond,all,unknown,13800,1
2026-09,r:rijnmond,all,unknown,30000,2
2026-09,r:rijnmond,all,unknown,35000,3
2026-09,r:rijnmond,all,unknown,37500,1
2026-09,r:rijnmond,all,unknown,40000,2
2026-09,r:rijnmond,all,unknown,42500,1
2026-09,r:rijnmond,all,unknown,47500,1
2026-09,r:rijnmond,all,unknown,50000,4
2026-09,r:rijnmond,all,unknown,55000,1
2026-09,r:rijnmond,all,unknown,57500,2
2026-09,r:rijnmond,all,unknown,60000,3
2026-09,r:rijnmond,all,unknown,62500,1
2026-09,r:rijnmond,all,unknown,65000,3
2026-09,r:rijnmond,all,unknown,67500,1
2026-09,r:rijnmond,all,unknown,70000,2
2026-09,r:rijnmond,all,unknown,75000,3
2026-09,r:rijnmond,business-it-management,all,28200,1
2026-09,r:rijnmond,business-it-management,all,35000,1
2026-09,r:rijnmond,business-it-management,all,42500,1
2026-09,r:rijnmond,business-it-management,all,55000,1
2026-09,r:rijnmond,business-it-management,all,57500,1
2026-09,r:rijnmond,business-it-management,all,75000,1
2026-09,r:rijnmond,business-it-management,junior,28200,1
2026-09,r:rijnmond,business-it-management,junior,35000,1
2026-09,r:rijnmond,business-it-management,medior,55000,1
2026-09,r:rijnmond,business-it-management,unknown,42500,1
2026-09,r:rijnmond,business-it-management,unknown,57500,1
2026-09,r:rijnmond,business-it-management,unknown,75000,1
2026-09,r:rijnmond,informatica,all,13800,1
2026-09,r:rijnmond,informatica,all,30000,2
2026-09,r:rijnmond,informatica,all,35000,1
2026-09,r:rijnmond,informatica,all,37500,2
2026-09,r:rijnmond,informatica,all,40000,1
2026-09,r:rijnmond,informatica,all,50000,3
2026-09,r:rijnmond,informatica,all,52500,1
2026-09,r:rijnmond,informatica,all,55000,2
2026-09,r:rijnmond,informatica,all,60000,2
2026-09,r:rijnmond,informatica,all,62500,1
2026-09,r:rijnmond,informatica,all,65000,2
2026-09,r:rijnmond,informatica,all,67500,1
2026-09,r:rijnmond,informatica,all,70000,3
2026-09,r:rijnmond,informatica,all,75000,2
2026-09,r:rijnmond,informatica,junior,30000,2
2026-09,r:rijnmond,informatica,junior,37500,1
2026-09,r:rijnmond,informatica,junior,55000,1
2026-09,r:rijnmond,informatica,medior,60000,1
2026-09,r:rijnmond,informatica,senior,52500,1
2026-09,r:rijnmond,informatica,senior,65000,1
2026-09,r:rijnmond,informatica,senior,70000,1
2026-09,r:rijnmond,informatica,unknown,13800,1
2026-09,r:rijnmond,informatica,unknown,35000,1
2026-09,r:rijnmond,informatica,unknown,37500,1
2026-09,r:rijnmond,informatica,unknown,40000,1
2026-09,r:rijnmond,informatica,unknown,50000,3
2026-09,r:rijnmond,informatica,unknown,55000,1
2026-09,r:rijnmond,informatica,unknown,60000,1
2026-09,r:rijnmond,informatica,unknown,62500,1
2026-09,r:rijnmond,informatica,unknown,65000,1
2026-09,r:rijnmond,informatica,unknown,67500,1
2026-09,r:rijnmond,informatica,unknown,70000,2
2026-09,r:rijnmond,informatica,unknown,75000,2
2026-09,r:rijnmond,technische-informatica,all,50000,1
2026-09,r:rijnmond,technische-informatica,all,60000,1
2026-09,r:rijnmond,technische-informatica,all,65000,1
2026-09,r:rijnmond,technische-informatica,unknown,50000,1
2026-09,r:rijnmond,technische-informatica,unknown,60000,1
2026-09,r:rijnmond,technische-informatica,unknown,65000,1
2026-09,r:rivierenland,all,all,35000,2
2026-09,r:rivierenland,all,unknown,35000,2
2026-09,r:rivierenland,informatica,all,35000,2
2026-09,r:rivierenland,informatica,unknown,35000,2
2026-09,r:stedendriehoek,all,all,37500,2
2026-09,r:stedendriehoek,all,all,40000,1
2026-09,r:stedendriehoek,all,all,45000,3
2026-09,r:stedendriehoek,all,all,52500,3
2026-09,r:stedendriehoek,all,all,57500,1
2026-09,r:stedendriehoek,all,all,65000,1
2026-09,r:stedendriehoek,all,all,67500,1
2026-09,r:stedendriehoek,all,all,72500,1
2026-09,r:stedendriehoek,all,all,75000,3
2026-09,r:stedendriehoek,all,all,85000,1
2026-09,r:stedendriehoek,all,all,90000,1
2026-09,r:stedendriehoek,all,medior,37500,1
2026-09,r:stedendriehoek,all,medior,52500,1
2026-09,r:stedendriehoek,all,medior,67500,1
2026-09,r:stedendriehoek,all,senior,65000,1
2026-09,r:stedendriehoek,all,senior,72500,1
2026-09,r:stedendriehoek,all,senior,75000,2
2026-09,r:stedendriehoek,all,senior,90000,1
2026-09,r:stedendriehoek,all,unknown,37500,1
2026-09,r:stedendriehoek,all,unknown,40000,1
2026-09,r:stedendriehoek,all,unknown,45000,3
2026-09,r:stedendriehoek,all,unknown,52500,2
2026-09,r:stedendriehoek,all,unknown,57500,1
2026-09,r:stedendriehoek,all,unknown,75000,1
2026-09,r:stedendriehoek,all,unknown,85000,1
2026-09,r:stedendriehoek,business-it-management,all,67500,1
2026-09,r:stedendriehoek,business-it-management,medior,67500,1
2026-09,r:stedendriehoek,informatica,all,40000,1
2026-09,r:stedendriehoek,informatica,all,52500,2
2026-09,r:stedendriehoek,informatica,all,57500,1
2026-09,r:stedendriehoek,informatica,all,65000,1
2026-09,r:stedendriehoek,informatica,all,72500,1
2026-09,r:stedendriehoek,informatica,all,75000,3
2026-09,r:stedendriehoek,informatica,all,85000,1
2026-09,r:stedendriehoek,informatica,all,90000,1
2026-09,r:stedendriehoek,informatica,medior,52500,1
2026-09,r:stedendriehoek,informatica,senior,65000,1
2026-09,r:stedendriehoek,informatica,senior,72500,1
2026-09,r:stedendriehoek,informatica,senior,75000,2
2026-09,r:stedendriehoek,informatica,senior,90000,1
2026-09,r:stedendriehoek,informatica,unknown,40000,1
2026-09,r:stedendriehoek,informatica,unknown,52500,1
2026-09,r:stedendriehoek,informatica,unknown,57500,1
2026-09,r:stedendriehoek,informatica,unknown,75000,1
2026-09,r:stedendriehoek,informatica,unknown,85000,1
2026-09,r:stedendriehoek,technische-informatica,all,52500,1
2026-09,r:stedendriehoek,technische-informatica,unknown,52500,1
2026-09,r:twente,all,all,35000,1
2026-09,r:twente,all,all,50000,1
2026-09,r:twente,all,all,52500,2
2026-09,r:twente,all,all,55000,8
2026-09,r:twente,all,all,65000,1
2026-09,r:twente,all,all,70000,1
2026-09,r:twente,all,all,75000,1
2026-09,r:twente,all,senior,65000,1
2026-09,r:twente,all,unknown,35000,1
2026-09,r:twente,all,unknown,50000,1
2026-09,r:twente,all,unknown,52500,2
2026-09,r:twente,all,unknown,55000,8
2026-09,r:twente,all,unknown,70000,1
2026-09,r:twente,all,unknown,75000,1
2026-09,r:twente,business-it-management,all,50000,1
2026-09,r:twente,business-it-management,all,75000,1
2026-09,r:twente,business-it-management,unknown,50000,1
2026-09,r:twente,business-it-management,unknown,75000,1
2026-09,r:twente,informatica,all,52500,1
2026-09,r:twente,informatica,all,55000,1
2026-09,r:twente,informatica,all,65000,1
2026-09,r:twente,informatica,all,70000,1
2026-09,r:twente,informatica,senior,65000,1
2026-09,r:twente,informatica,unknown,52500,1
2026-09,r:twente,informatica,unknown,55000,1
2026-09,r:twente,informatica,unknown,70000,1
2026-09,r:twente,technische-informatica,all,52500,1
2026-09,r:twente,technische-informatica,all,55000,2
2026-09,r:twente,technische-informatica,unknown,52500,1
2026-09,r:twente,technische-informatica,unknown,55000,2
2026-09,r:west-brabant,all,all,30000,1
2026-09,r:west-brabant,all,all,47500,1
2026-09,r:west-brabant,all,all,50000,1
2026-09,r:west-brabant,all,all,55000,1
2026-09,r:west-brabant,all,all,57500,2
2026-09,r:west-brabant,all,all,60000,6
2026-09,r:west-brabant,all,all,65000,1
2026-09,r:west-brabant,all,junior,30000,1
2026-09,r:west-brabant,all,unknown,47500,1
2026-09,r:west-brabant,all,unknown,50000,1
2026-09,r:west-brabant,all,unknown,55000,1
2026-09,r:west-brabant,all,unknown,57500,2
2026-09,r:west-brabant,all,unknown,60000,6
2026-09,r:west-brabant,all,unknown,65000,1
2026-09,r:west-brabant,business-it-management,all,30000,1
2026-09,r:west-brabant,business-it-management,all,47500,1
2026-09,r:west-brabant,business-it-management,all,60000,5
2026-09,r:west-brabant,business-it-management,all,65000,1
2026-09,r:west-brabant,business-it-management,junior,30000,1
2026-09,r:west-brabant,business-it-management,unknown,47500,1
2026-09,r:west-brabant,business-it-management,unknown,60000,5
2026-09,r:west-brabant,business-it-management,unknown,65000,1
2026-09,r:west-brabant,informatica,all,47500,1
2026-09,r:west-brabant,informatica,all,50000,1
2026-09,r:west-brabant,informatica,all,55000,1
2026-09,r:west-brabant,informatica,all,57500,1
2026-09,r:west-brabant,informatica,all,60000,5
2026-09,r:west-brabant,informatica,all,65000,1
2026-09,r:west-brabant,informatica,unknown,47500,1
2026-09,r:west-brabant,informatica,unknown,50000,1
2026-09,r:west-brabant,informatica,unknown,55000,1
2026-09,r:west-brabant,informatica,unknown,57500,1
2026-09,r:west-brabant,informatica,unknown,60000,5
2026-09,r:west-brabant,informatica,unknown,65000,1
2026-09,r:west-brabant,technische-informatica,all,57500,1
2026-09,r:west-brabant,technische-informatica,unknown,57500,1
2026-09,r:zaanstreek-waterland,all,all,65000,1
2026-09,r:zaanstreek-waterland,all,unknown,65000,1
2026-09,r:zaanstreek-waterland,business-it-management,all,65000,1
2026-09,r:zaanstreek-waterland,business-it-management,unknown,65000,1
2026-09,r:zeeland,all,all,45000,1
2026-09,r:zeeland,all,unknown,45000,1
2026-09,r:zuid-holland-centraal,all,all,52500,1
2026-09,r:zuid-holland-centraal,all,all,60000,1
2026-09,r:zuid-holland-centraal,all,all,62500,1
2026-09,r:zuid-holland-centraal,all,all,72500,1
2026-09,r:zuid-holland-centraal,all,all,77500,1
2026-09,r:zuid-holland-centraal,all,all,82500,1
2026-09,r:zuid-holland-centraal,all,junior,60000,1
2026-09,r:zuid-holland-centraal,all,senior,62500,1
2026-09,r:zuid-holland-centraal,all,senior,82500,1
2026-09,r:zuid-holland-centraal,all,unknown,52500,1
2026-09,r:zuid-holland-centraal,all,unknown,72500,1
2026-09,r:zuid-holland-centraal,all,unknown,77500,1
2026-09,r:zuid-holland-centraal,business-it-management,all,62500,1
2026-09,r:zuid-holland-centraal,business-it-management,senior,62500,1
2026-09,r:zuid-holland-centraal,informatica,all,60000,1
2026-09,r:zuid-holland-centraal,informatica,all,72500,1
2026-09,r:zuid-holland-centraal,informatica,all,77500,1
2026-09,r:zuid-holland-centraal,informatica,all,82500,1
2026-09,r:zuid-holland-centraal,informatica,junior,60000,1
2026-09,r:zuid-holland-centraal,informatica,senior,82500,1
2026-09,r:zuid-holland-centraal,informatica,unknown,72500,1
2026-09,r:zuid-holland-centraal,informatica,unknown,77500,1
2026-09,r:zuid-holland-centraal,technische-informatica,all,52500,1
2026-09,r:zuid-holland-centraal,technische-informatica,all,60000,1
2026-09,r:zuid-holland-centraal,technische-informatica,all,77500,1
2026-09,r:zuid-holland-centraal,technische-informatica,junior,60000,1
2026-09,r:zuid-holland-centraal,technische-informatica,unknown,52500,1
2026-09,r:zuid-holland-centraal,technische-informatica,unknown,77500,1
2026-09,r:zuid-kennemerland-ijmond,all,all,47500,1
2026-09,r:zuid-kennemerland-ijmond,all,all,60000,1
2026-09,r:zuid-kennemerland-ijmond,all,all,67500,1
2026-09,r:zuid-kennemerland-ijmond,all,all,77500,1
2026-09,r:zuid-kennemerland-ijmond,all,all,82500,1
2026-09,r:zuid-kennemerland-ijmond,all,medior,60000,1
2026-09,r:zuid-kennemerland-ijmond,all,senior,82500,1
2026-09,r:zuid-kennemerland-ijmond,all,unknown,47500,1
2026-09,r:zuid-kennemerland-ijmond,all,unknown,67500,1
2026-09,r:zuid-kennemerland-ijmond,all,unknown,77500,1
2026-09,r:zuid-kennemerland-ijmond,business-it-management,all,47500,1
2026-09,r:zuid-kennemerland-ijmond,business-it-management,unknown,47500,1
2026-09,r:zuid-kennemerland-ijmond,informatica,all,47500,1
2026-09,r:zuid-kennemerland-ijmond,informatica,all,60000,1
2026-09,r:zuid-kennemerland-ijmond,informatica,all,67500,1
2026-09,r:zuid-kennemerland-ijmond,informatica,all,77500,1
2026-09,r:zuid-kennemerland-ijmond,informatica,medior,60000,1
2026-09,r:zuid-kennemerland-ijmond,informatica,unknown,47500,1
2026-09,r:zuid-kennemerland-ijmond,informatica,unknown,67500,1
2026-09,r:zuid-kennemerland-ijmond,informatica,unknown,77500,1
2026-09,r:zuid-limburg,all,all,102500,1
2026-09,r:zuid-limburg,all,all,50000,1
2026-09,r:zuid-limburg,all,all,60000,1
2026-09,r:zuid-limburg,all,all,77500,1
2026-09,r:zuid-limburg,all,all,85000,1
2026-09,r:zuid-limburg,all,senior,102500,1
2026-09,r:zuid-limburg,all,unknown,50000,1
2026-09,r:zuid-limburg,all,unknown,60000,1
2026-09,r:zuid-limburg,all,unknown,77500,1
2026-09,r:zuid-limburg,all,unknown,85000,1
2026-09,r:zuid-limburg,business-it-management,all,102500,1
2026-09,r:zuid-limburg,business-it-management,all,50000,1
2026-09,r:zuid-limburg,business-it-management,all,60000,1
2026-09,r:zuid-limburg,business-it-management,all,85000,1
2026-09,r:zuid-limburg,business-it-management,senior,102500,1
2026-09,r:zuid-limburg,business-it-management,unknown,50000,1
2026-09,r:zuid-limburg,business-it-management,unknown,60000,1
2026-09,r:zuid-limburg,business-it-management,unknown,85000,1
2026-09,r:zuid-limburg,informatica,all,50000,1
2026-09,r:zuid-limburg,informatica,all,60000,1
2026-09,r:zuid-limburg,informatica,all,77500,1
2026-09,r:zuid-limburg,informatica,unknown,50000,1
2026-09,r:zuid-limburg,informatica,unknown,60000,1
2026-09,r:zuid-limburg,informatica,unknown,77500,1
2026-09,r:zuidoost-brabant,all,all,100000,1
2026-09,r:zuidoost-brabant,all,all,12000,1
2026-09,r:zuidoost-brabant,all,all,120000,1
2026-09,r:zuidoost-brabant,all,all,142500,1
2026-09,r:zuidoost-brabant,all,all,175000,1
2026-09,r:zuidoost-brabant,all,all,177500,1
2026-09,r:zuidoost-brabant,all,all,207500,2
2026-09,r:zuidoost-brabant,all,all,24000,1
2026-09,r:zuidoost-brabant,all,all,30000,1
2026-09,r:zuidoost-brabant,all,all,32500,1
2026-09,r:zuidoost-brabant,all,all,35000,4
2026-09,r:zuidoost-brabant,all,all,42500,2
2026-09,r:zuidoost-brabant,all,all,47500,3
2026-09,r:zuidoost-brabant,all,all,55000,3
2026-09,r:zuidoost-brabant,all,all,60000,3
2026-09,r:zuidoost-brabant,all,all,65000,3
2026-09,r:zuidoost-brabant,all,all,67500,1
2026-09,r:zuidoost-brabant,all,all,70000,1
2026-09,r:zuidoost-brabant,all,all,72500,1
2026-09,r:zuidoost-brabant,all,all,80000,1
2026-09,r:zuidoost-brabant,all,all,87500,1
2026-09,r:zuidoost-brabant,all,medior,32500,1
2026-09,r:zuidoost-brabant,all,senior,100000,1
2026-09,r:zuidoost-brabant,all,senior,12000,1
2026-09,r:zuidoost-brabant,all,senior,142500,1
2026-09,r:zuidoost-brabant,all,senior,175000,1
2026-09,r:zuidoost-brabant,all,senior,177500,1
2026-09,r:zuidoost-brabant,all,senior,207500,2
2026-09,r:zuidoost-brabant,all,senior,24000,1
2026-09,r:zuidoost-brabant,all,senior,42500,1
2026-09,r:zuidoost-brabant,all,senior,55000,1
2026-09,r:zuidoost-brabant,all,senior,60000,1
2026-09,r:zuidoost-brabant,all,senior,65000,1
2026-09,r:zuidoost-brabant,all,senior,80000,1
2026-09,r:zuidoost-brabant,all,unknown,120000,1
2026-09,r:zuidoost-brabant,all,unknown,30000,1
2026-09,r:zuidoost-brabant,all,unknown,35000,4
2026-09,r:zuidoost-brabant,all,unknown,42500,1
2026-09,r:zuidoost-brabant,all,unknown,47500,3
2026-09,r:zuidoost-brabant,all,unknown,55000,2
2026-09,r:zuidoost-brabant,all,unknown,60000,2
2026-09,r:zuidoost-brabant,all,unknown,65000,2
2026-09,r:zuidoost-brabant,all,unknown,67500,1
2026-09,r:zuidoost-brabant,all,unknown,70000,1
2026-09,r:zuidoost-brabant,all,unknown,72500,1
2026-09,r:zuidoost-brabant,all,unknown,87500,1
2026-09,r:zuidoost-brabant,business-it-management,all,47500,1
2026-09,r:zuidoost-brabant,business-it-management,all,60000,1
2026-09,r:zuidoost-brabant,business-it-management,all,65000,1
2026-09,r:zuidoost-brabant,business-it-management,all,70000,1
2026-09,r:zuidoost-brabant,business-it-management,unknown,47500,1
2026-09,r:zuidoost-brabant,business-it-management,unknown,60000,1
2026-09,r:zuidoost-brabant,business-it-management,unknown,65000,1
2026-09,r:zuidoost-brabant,business-it-management,unknown,70000,1
2026-09,r:zuidoost-brabant,informatica,all,100000,1
2026-09,r:zuidoost-brabant,informatica,all,12000,1
2026-09,r:zuidoost-brabant,informatica,all,120000,1
2026-09,r:zuidoost-brabant,informatica,all,142500,1
2026-09,r:zuidoost-brabant,informatica,all,175000,1
2026-09,r:zuidoost-brabant,informatica,all,177500,1
2026-09,r:zuidoost-brabant,informatica,all,207500,2
2026-09,r:zuidoost-brabant,informatica,all,24000,1
2026-09,r:zuidoost-brabant,informatica,all,30000,1
2026-09,r:zuidoost-brabant,informatica,all,35000,2
2026-09,r:zuidoost-brabant,informatica,all,42500,1
2026-09,r:zuidoost-brabant,informatica,all,47500,2
2026-09,r:zuidoost-brabant,informatica,all,55000,2
2026-09,r:zuidoost-brabant,informatica,all,60000,1
2026-09,r:zuidoost-brabant,informatica,all,65000,2
2026-09,r:zuidoost-brabant,informatica,all,67500,1
2026-09,r:zuidoost-brabant,informatica,all,80000,1
2026-09,r:zuidoost-brabant,informatica,all,87500,1
2026-09,r:zuidoost-brabant,informatica,senior,100000,1
2026-09,r:zuidoost-brabant,informatica,senior,12000,1
2026-09,r:zuidoost-brabant,informatica,senior,142500,1
2026-09,r:zuidoost-brabant,informatica,senior,175000,1
2026-09,r:zuidoost-brabant,informatica,senior,177500,1
2026-09,r:zuidoost-brabant,informatica,senior,207500,2
2026-09,r:zuidoost-brabant,informatica,senior,24000,1
2026-09,r:zuidoost-brabant,informatica,senior,60000,1
2026-09,r:zuidoost-brabant,informatica,senior,65000,1
2026-09,r:zuidoost-brabant,informatica,senior,80000,1
2026-09,r:zuidoost-brabant,informatica,unknown,120000,1
2026-09,r:zuidoost-brabant,informatica,unknown,30000,1
2026-09,r:zuidoost-brabant,informatica,unknown,35000,2
2026-09,r:zuidoost-brabant,informatica,unknown,42500,1
2026-09,r:zuidoost-brabant,informatica,unknown,47500,2
2026-09,r:zuidoost-brabant,informatica,unknown,55000,2
2026-09,r:zuidoost-brabant,informatica,unknown,65000,1
2026-09,r:zuidoost-brabant,informatica,unknown,67500,1
2026-09,r:zuidoost-brabant,informatica,unknown,87500,1
2026-09,r:zuidoost-brabant,technische-informatica,all,55000,2
2026-09,r:zuidoost-brabant,technische-informatica,unknown,55000,2
