series,source,period,start,region,breakdown,value,label,n,published,retrieved,url,sample,note
cbs_employed_ict_occupations,cbs,2013Q1,2013-01-01,NL,ict-managers,28000.0,,,2026-07-30,2026-09-19T15:05:41+00:00,https://opendata.cbs.nl/#/CBS/nl/dataset/86320NED/table,0,
cbs_employed_ict_occupations,cbs,2013Q1,2013-01-01,NL,ict-occupations,280000.0,,,2026-07-30,2026-09-19T15:05:41+00:00,https://opendata.cbs.nl/#/CBS/nl/dataset/86320NED/table,0,
cbs_employed_ict_occupations,cbs,2013Q1,2013-01-01,NL,system-network-specialists,66000.0,,,2026-07-30,2026-09-19T15:05:41+00:00,https://opendata.cbs.nl/#/CBS/nl/dataset/86320NED/table,0,
cbs_employed_ict_occupations,cbs,2013Q1,2013-01-01,NL,system-analysts-advisers,78000.0,,,2026-07-30,2026-09-19T15:05:41+00:00,https://opendata.cbs.nl/#/CBS/nl/dataset/86320NED/table,0,
cbs_employed_ict_occupations,cbs,2013Q1,2013-01-01,NL,software-developers,89000.0,,,2026-07-30,2026-09-19T15:05:41+00:00,https://opendata.cbs.nl/#/CBS/nl/dataset/86320NED/table,0,
cbs_employed_ict_occupations,cbs,2013Q1,2013-01-01,NL,user-support,33000.0,,,2026-07-30,2026-09-19T15:05:41+00:00,https://opendata.cbs.nl/#/CBS/nl/dataset/86320NED/table,0,
cbs_employed_ict_occupations,cbs,2013Q2,2013-04-01,NL,ict-managers,28000.0,,,2026-07-30,2026-09-19T15:05:41+00:00,https://opendata.cbs.nl/#/CBS/nl/dataset/86320NED/table,0,
cbs_employed_ict_occupations,cbs,2013Q2,2013-04-01,NL,ict-occupations,279000.0,,,2026-07-30,2026-09-19T15:05:41+00:00,https://opendata.cbs.nl/#/CBS/nl/dataset/86320NED/table,0,
cbs_employed_ict_occupations,cbs,2013Q2,2013-04-01,NL,system-network-specialists,66000.0,,,2026-07-30,2026-09-19T15:05:41+00:00,https://opendata.cbs.nl/#/CBS/nl/dataset/86320NED/table,0,
cbs_employed_ict_occupations,cbs,2013Q2,2013-04-01,NL,system-analysts-advisers,80000.0,,,2026-07-30,2026-09-19T15:05:41+00:00,https://opendata.cbs.nl/#/CBS/nl/dataset/86320NED/table,0,
cbs_employed_ict_occupations,cbs,2013Q2,2013-04-01,NL,software-developers,88000.0,,,2026-07-30,2026-09-19T15:05:41+00:00,https://opendata.cbs.nl/#/CBS/nl/dataset/86320NED/table,0,
cbs_employed_ict_occupations,cbs,2013Q2,2013-04-01,NL,user-support,34000.0,,,2026-07-30,2026-09-19T15:05:41+00:00,https://opendata.cbs.nl/#/CBS/nl/dataset/86320NED/table,0,
cbs_employed_ict_occupations,cbs,2013Q3,2013-07-01,NL,ict-managers,27000.0,,,2026-07-30,2026-09-19T15:05:41+00:00,https://opendata.cbs.nl/#/CBS/nl/dataset/86320NED/table,0,
cbs_employed_ict_occupations,cbs,2013Q3,2013-07-01,NL,ict-occupations,287000.0,,,2026-07-30,2026-09-19T15:05:41+00:00,https://opendata.cbs.nl/#/CBS/nl/dataset/86320NED/table,0,
cbs_employed_ict_occupations,cbs,2013Q3,2013-07-01,NL,system-network-specialists,65000.0,,,2026-07-30,2026-09-19T15:05:41+00:00,https://opendata.cbs.nl/#/CBS/nl/dataset/86320NED/table,0,
cbs_employed_ict_occupations,cbs,2013Q3,2013-07-01,NL,system-analysts-advisers,83000.0,,,2026-07-30,2026-09-19T15:05:41+00:00,https://opendata.cbs.nl/#/CBS/nl/dataset/86320NED/table,0,
cbs_employed_ict_occupations,cbs,2013Q3,2013-07-01,NL,software-developers,94000.0,,,2026-07-30,2026-09-19T15:05:41+00:00,https://opendata.cbs.nl/#/CBS/nl/dataset/86320NED/table,0,
cbs_employed_ict_occupations,cbs,2013Q3,2013-07-01,NL,user-support,34000.0,,,2026-07-30,2026-09-19T15:05:41+00:00,https://opendata.cbs.nl/#/CBS/nl/dataset/86320NED/table,0,
cbs_employed_ict_occupations,cbs,2013Q4,2013-10-01,NL,ict-managers,28000.0,,,2026-07-30,2026-09-19T15:05:41+00:00,https://opendata.cbs.nl/#/CBS/nl/dataset/86320NED/table,0,
cbs_employed_ict_occupations,cbs,2013Q4,2013-10-01,NL,ict-occupations,283000.0,,,2026-07-30,2026-09-19T15:05:41+00:00,https://opendata.cbs.nl/#/CBS/nl/dataset/86320NED/table,0,
cbs_employed_ict_occupations,cbs,2013Q4,2013-10-01,NL,system-network-specialists,61000.0,,,2026-07-30,2026-09-19T15:05:41+00:00,https://opendata.cbs.nl/#/CBS/nl/dataset/86320NED/table,0,
cbs_employed_ict_occupations,cbs,2013Q4,2013-10-01,NL,system-analysts-advisers,81000.0,,,2026-07-30,2026-09-19T15:05:41+00:00,https://opendata.cbs.nl/#/CBS/nl/dataset/86320NED/table,0,
cbs_employed_ict_occupations,cbs,2013Q4,2013-10-01,NL,software-developers,92000.0,,,2026-07-30,2026-09-19T15:05:41+00:00,https://opendata.cbs.nl/#/CBS/nl/dataset/86320NED/table,0,
cbs_employed_ict_occupations,cbs,2013Q4,2013-10-01,NL,user-support,37000.0,,,2026-07-30,2026-09-19T15:05:41+00:00,https://opendata.cbs.nl/#/CBS/nl/dataset/86320NED/table,0,
cbs_employed_ict_occupations,cbs,2014Q1,2014-01-01,NL,ict-managers,26000.0,,,2026-07-30,2026-09-19T15:05:41+00:00,https://opendata.cbs.nl/#/CBS/nl/dataset/86320NED/table,0,
cbs_employed_ict_occupations,cbs,2014Q1,2014-01-01,NL,ict-occupations,294000.0,,,2026-07-30,2026-09-19T15:05:41+00:00,https://opendata.cbs.nl/#/CBS/nl/dataset/86320NED/table,0,
cbs_employed_ict_occupations,cbs,2014Q1,2014-01-01,NL,system-network-specialists,61000.0,,,2026-07-30,2026-09-19T15:05:41+00:00,https://opendata.cbs.nl/#/CBS/nl/dataset/86320NED/table,0,
cbs_employed_ict_occupations,cbs,2014Q1,2014-01-01,NL,system-analysts-advisers,88000.0,,,2026-07-30,2026-09-19T15:05:41+00:00,https://opendata.cbs.nl/#/CBS/nl/dataset/86320NED/table,0,
cbs_employed_ict_occupations,cbs,2014Q1,2014-01-01,NL,software-developers,93000.0,,,2026-07-30,2026-09-19T15:05:41+00:00,https://opendata.cbs.nl/#/CBS/nl/dataset/86320NED/table,0,
cbs_employed_ict_occupations,cbs,2014Q1,2014-01-01,NL,user-support,39000.0,,,2026-07-30,2026-09-19T15:05:41+00:00,https://opendata.cbs.nl/#/CBS/nl/dataset/86320NED/table,0,
cbs_employed_ict_occupations,cbs,2014Q2,2014-04-01,NL,ict-managers,29000.0,,,2026-07-30,2026-09-19T15:05:41+00:00,https://opendata.cbs.nl/#/CBS/nl/dataset/86320NED/table,0,
cbs_employed_ict_occupations,cbs,2014Q2,2014-04-01,NL,ict-occupations,293000.0,,,2026-07-30,2026-09-19T15:05:41+00:00,https://opendata.cbs.nl/#/CBS/nl/dataset/86320NED/table,0,
cbs_employed_ict_occupations,cbs,2014Q2,2014-04-01,NL,system-network-specialists,61000.0,,,2026-07-30,2026-09-19T15:05:41+00:00,https://opendata.cbs.nl/#/CBS/nl/dataset/86320NED/table,0,
cbs_employed_ict_occupations,cbs,2014Q2,2014-04-01,NL,system-analysts-advisers,86000.0,,,2026-07-30,2026-09-19T15:05:41+00:00,https://opendata.cbs.nl/#/CBS/nl/dataset/86320NED/table,0,
cbs_employed_ict_occupations,cbs,2014Q2,2014-04-01,NL,software-developers,97000.0,,,2026-07-30,2026-09-19T15:05:41+00:00,https://opendata.cbs.nl/#/CBS/nl/dataset/86320NED/table,0,
cbs_employed_ict_occupations,cbs,2014Q2,2014-04-01,NL,user-support,37000.0,,,2026-07-30,2026-09-19T15:05:41+00:00,https://opendata.cbs.nl/#/CBS/nl/dataset/86320NED/table,0,
cbs_employed_ict_occupations,cbs,2014Q3,2014-07-01,NL,ict-managers,26000.0,,,2026-07-30,2026-09-19T15:05:41+00:00,https://opendata.cbs.nl/#/CBS/nl/dataset/86320NED/table,0,
cbs_employed_ict_occupations,cbs,2014Q3,2014-07-01,NL,ict-occupations,301000.0,,,2026-07-30,2026-09-19T15:05:41+00:00,https://opendata.cbs.nl/#/CBS/nl/dataset/86320NED/table,0,
cbs_employed_ict_occupations,cbs,2014Q3,2014-07-01,NL,system-network-specialists,57000.0,,,2026-07-30,2026-09-19T15:05:41+00:00,https://opendata.cbs.nl/#/CBS/nl/dataset/86320NED/table,0,
cbs_employed_ict_occupations,cbs,2014Q3,2014-07-01,NL,system-analysts-advisers,81000.0,,,2026-07-30,2026-09-19T15:05:41+00:00,https://opendata.cbs.nl/#/CBS/nl/dataset/86320NED/table,0,
cbs_employed_ict_occupations,cbs,2014Q3,2014-07-01,NL,software-developers,107000.0,,,2026-07-30,2026-09-19T15:05:41+00:00,https://opendata.cbs.nl/#/CBS/nl/dataset/86320NED/table,0,
cbs_employed_ict_occupations,cbs,2014Q3,2014-07-01,NL,user-support,43000.0,,,2026-07-30,2026-09-19T15:05:41+00:00,https://opendata.cbs.nl/#/CBS/nl/dataset/86320NED/table,0,
cbs_employed_ict_occupations,cbs,2014Q4,2014-10-01,NL,ict-managers,24000.0,,,2026-07-30,2026-09-19T15:05:41+00:00,https://opendata.cbs.nl/#/CBS/nl/dataset/86320NED/table,0,
cbs_employed_ict_occupations,cbs,2014Q4,2014-10-01,NL,ict-occupations,298000.0,,,2026-07-30,2026-09-19T15:05:41+00:00,https://opendata.cbs.nl/#/CBS/nl/dataset/86320NED/table,0,
cbs_employed_ict_occupations,cbs,2014Q4,2014-10-01,NL,system-network-specialists,57000.0,,,2026-07-30,2026-09-19T15:05:41+00:00,https://opendata.cbs.nl/#/CBS/nl/dataset/86320NED/table,0,
cbs_employed_ict_occupations,cbs,2014Q4,2014-10-01,NL,system-analysts-advisers,81000.0,,,2026-07-30,2026-09-19T15:05:41+00:00,https://opendata.cbs.nl/#/CBS/nl/dataset/86320NED/table,0,
cbs_employed_ict_occupations,cbs,2014Q4,2014-10-01,NL,software-developers,106000.0,,,2026-07-30,2026-09-19T15:05:41+00:00,https://opendata.cbs.nl/#/CBS/nl/dataset/86320NED/table,0,
cbs_employed_ict_occupations,cbs,2014Q4,2014-10-01,NL,user-support,38000.0,,,2026-07-30,2026-09-19T15:05:41+00:00,https://opendata.cbs.nl/#/CBS/nl/dataset/86320NED/table,0,
cbs_employed_ict_occupations,cbs,2015Q1,2015-01-01,NL,ict-managers,23000.0,,,2026-07-30,2026-09-19T15:05:41+00:00,https://opendata.cbs.nl/#/CBS/nl/dataset/86320NED/table,0,
cbs_employed_ict_occupations,cbs,2015Q1,2015-01-01,NL,ict-occupations,306000.0,,,2026-07-30,2026-09-19T15:05:41+00:00,https://opendata.cbs.nl/#/CBS/nl/dataset/86320NED/table,0,
cbs_employed_ict_occupations,cbs,2015Q1,2015-01-01,NL,system-network-specialists,59000.0,,,2026-07-30,2026-09-19T15:05:41+00:00,https://opendata.cbs.nl/#/CBS/nl/dataset/86320NED/table,0,
cbs_employed_ict_occupations,cbs,2015Q1,2015-01-01,NL,system-analysts-advisers,89000.0,,,2026-07-30,2026-09-19T15:05:41+00:00,https://opendata.cbs.nl/#/CBS/nl/dataset/86320NED/table,0,
cbs_employed_ict_occupations,cbs,2015Q1,2015-01-01,NL,software-developers,107000.0,,,2026-07-30,2026-09-19T15:05:41+00:00,https://opendata.cbs.nl/#/CBS/nl/dataset/86320NED/table,0,
cbs_employed_ict_occupations,cbs,2015Q1,2015-01-01,NL,user-support,36000.0,,,2026-07-30,2026-09-19T15:05:41+00:00,https://opendata.cbs.nl/#/CBS/nl/dataset/86320NED/table,0,
cbs_employed_ict_occupations,cbs,2015Q2,2015-04-01,NL,ict-managers,22000.0,,,2026-07-30,2026-09-19T15:05:41+00:00,https://opendata.cbs.nl/#/CBS/nl/dataset/86320NED/table,0,
cbs_employed_ict_occupations,cbs,2015Q2,2015-04-01,NL,ict-occupations,320000.0,,,2026-07-30,2026-09-19T15:05:41+00:00,https://opendata.cbs.nl/#/CBS/nl/dataset/86320NED/table,0,
cbs_employed_ict_occupations,cbs,2015Q2,2015-04-01,NL,system-network-specialists,62000.0,,,2026-07-30,2026-09-19T15:05:41+00:00,https://opendata.cbs.nl/#/CBS/nl/dataset/86320NED/table,0,
cbs_employed_ict_occupations,cbs,2015Q2,2015-04-01,NL,system-analysts-advisers,95000.0,,,2026-07-30,2026-09-19T15:05:41+00:00,https://opendata.cbs.nl/#/CBS/nl/dataset/86320NED/table,0,
cbs_employed_ict_occupations,cbs,2015Q2,2015-04-01,NL,software-developers,112000.0,,,2026-07-30,2026-09-19T15:05:41+00:00,https://opendata.cbs.nl/#/CBS/nl/dataset/86320NED/table,0,
cbs_employed_ict_occupations,cbs,2015Q2,2015-04-01,NL,user-support,35000.0,,,2026-07-30,2026-09-19T15:05:41+00:00,https://opendata.cbs.nl/#/CBS/nl/dataset/86320NED/table,0,
cbs_employed_ict_occupations,cbs,2015Q3,2015-07-01,NL,ict-managers,20000.0,,,2026-07-30,2026-09-19T15:05:41+00:00,https://opendata.cbs.nl/#/CBS/nl/dataset/86320NED/table,0,
cbs_employed_ict_occupations,cbs,2015Q3,2015-07-01,NL,ict-occupations,307000.0,,,2026-07-30,2026-09-19T15:05:41+00:00,https://opendata.cbs.nl/#/CBS/nl/dataset/86320NED/table,0,
cbs_employed_ict_occupations,cbs,2015Q3,2015-07-01,NL,system-network-specialists,61000.0,,,2026-07-30,2026-09-19T15:05:41+00:00,https://opendata.cbs.nl/#/CBS/nl/dataset/86320NED/table,0,
cbs_employed_ict_occupations,cbs,2015Q3,2015-07-01,NL,system-analysts-advisers,89000.0,,,2026-07-30,2026-09-19T15:05:41+00:00,https://opendata.cbs.nl/#/CBS/nl/dataset/86320NED/table,0,
cbs_employed_ict_occupations,cbs,2015Q3,2015-07-01,NL,software-developers,106000.0,,,2026-07-30,2026-09-19T15:05:41+00:00,https://opendata.cbs.nl/#/CBS/nl/dataset/86320NED/table,0,
cbs_employed_ict_occupations,cbs,2015Q3,2015-07-01,NL,user-support,36000.0,,,2026-07-30,2026-09-19T15:05:41+00:00,https://opendata.cbs.nl/#/CBS/nl/dataset/86320NED/table,0,
cbs_employed_ict_occupations,cbs,2015Q4,2015-10-01,NL,ict-managers,18000.0,,,2026-07-30,2026-09-19T15:05:41+00:00,https://opendata.cbs.nl/#/CBS/nl/dataset/86320NED/table,0,
cbs_employed_ict_occupations,cbs,2015Q4,2015-10-01,NL,ict-occupations,317000.0,,,2026-07-30,2026-09-19T15:05:41+00:00,https://opendata.cbs.nl/#/CBS/nl/dataset/86320NED/table,0,
cbs_employed_ict_occupations,cbs,2015Q4,2015-10-01,NL,system-network-specialists,61000.0,,,2026-07-30,2026-09-19T15:05:41+00:00,https://opendata.cbs.nl/#/CBS/nl/dataset/86320NED/table,0,
cbs_employed_ict_occupations,cbs,2015Q4,2015-10-01,NL,system-analysts-advisers,99000.0,,,2026-07-30,2026-09-19T15:05:41+00:00,https://opendata.cbs.nl/#/CBS/nl/dataset/86320NED/table,0,
cbs_employed_ict_occupations,cbs,2015Q4,2015-10-01,NL,software-developers,104000.0,,,2026-07-30,2026-09-19T15:05:41+00:00,https://opendata.cbs.nl/#/CBS/nl/dataset/86320NED/table,0,
cbs_employed_ict_occupations,cbs,2015Q4,2015-10-01,NL,user-support,37000.0,,,2026-07-30,2026-09-19T15:05:41+00:00,https://opendata.cbs.nl/#/CBS/nl/dataset/86320NED/table,0,
cbs_employed_ict_occupations,cbs,2016Q1,2016-01-01,NL,ict-managers,16000.0,,,2026-07-30,2026-09-19T15:05:41+00:00,https://opendata.cbs.nl/#/CBS/nl/dataset/86320NED/table,0,
cbs_employed_ict_occupations,cbs,2016Q1,2016-01-01,NL,ict-occupations,331000.0,,,2026-07-30,2026-09-19T15:05:41+00:00,https://opendata.cbs.nl/#/CBS/nl/dataset/86320NED/table,0,
cbs_employed_ict_occupations,cbs,2016Q1,2016-01-01,NL,system-network-specialists,59000.0,,,2026-07-30,2026-09-19T15:05:41+00:00,https://opendata.cbs.nl/#/CBS/nl/dataset/86320NED/table,0,
cbs_employed_ict_occupations,cbs,2016Q1,2016-01-01,NL,system-analysts-advisers,107000.0,,,2026-07-30,2026-09-19T15:05:41+00:00,https://opendata.cbs.nl/#/CBS/nl/dataset/86320NED/table,0,
cbs_employed_ict_occupations,cbs,2016Q1,2016-01-01,NL,software-developers,106000.0,,,2026-07-30,2026-09-19T15:05:41+00:00,https://opendata.cbs.nl/#/CBS/nl/dataset/86320NED/table,0,
cbs_employed_ict_occupations,cbs,2016Q1,2016-01-01,NL,user-support,43000.0,,,2026-07-30,2026-09-19T15:05:41+00:00,https://opendata.cbs.nl/#/CBS/nl/dataset/86320NED/table,0,
cbs_employed_ict_occupations,cbs,2016Q2,2016-04-01,NL,ict-managers,16000.0,,,2026-07-30,2026-09-19T15:05:41+00:00,https://opendata.cbs.nl/#/CBS/nl/dataset/86320NED/table,0,
cbs_employed_ict_occupations,cbs,2016Q2,2016-04-01,NL,ict-occupations,328000.0,,,2026-07-30,2026-09-19T15:05:41+00:00,https://opendata.cbs.nl/#/CBS/nl/dataset/86320NED/table,0,
cbs_employed_ict_occupations,cbs,2016Q2,2016-04-01,NL,system-network-specialists,63000.0,,,2026-07-30,2026-09-19T15:05:41+00:00,https://opendata.cbs.nl/#/CBS/nl/dataset/86320NED/table,0,
cbs_employed_ict_occupations,cbs,2016Q2,2016-04-01,NL,system-analysts-advisers,101000.0,,,2026-07-30,2026-09-19T15:05:41+00:00,https://opendata.cbs.nl/#/CBS/nl/dataset/86320NED/table,0,
cbs_employed_ict_occupations,cbs,2016Q2,2016-04-01,NL,software-developers,108000.0,,,2026-07-30,2026-09-19T15:05:41+00:00,https://opendata.cbs.nl/#/CBS/nl/dataset/86320NED/table,0,
cbs_employed_ict_occupations,cbs,2016Q2,2016-04-01,NL,user-support,42000.0,,,2026-07-30,2026-09-19T15:05:41+00:00,https://opendata.cbs.nl/#/CBS/nl/dataset/86320NED/table,0,
cbs_employed_ict_occupations,cbs,2016Q3,2016-07-01,NL,ict-managers,15000.0,,,2026-07-30,2026-09-19T15:05:41+00:00,https://opendata.cbs.nl/#/CBS/nl/dataset/86320NED/table,0,
cbs_employed_ict_occupations,cbs,2016Q3,2016-07-01,NL,ict-occupations,332000.0,,,2026-07-30,2026-09-19T15:05:41+00:00,https://opendata.cbs.nl/#/CBS/nl/dataset/86320NED/table,0,
cbs_employed_ict_occupations,cbs,2016Q3,2016-07-01,NL,system-network-specialists,62000.0,,,2026-07-30,2026-09-19T15:05:41+00:00,https://opendata.cbs.nl/#/CBS/nl/dataset/86320NED/table,0,
cbs_employed_ict_occupations,cbs,2016Q3,2016-07-01,NL,system-analysts-advisers,103000.0,,,2026-07-30,2026-09-19T15:05:41+00:00,https://opendata.cbs.nl/#/CBS/nl/dataset/86320NED/table,0,
cbs_employed_ict_occupations,cbs,2016Q3,2016-07-01,NL,software-developers,112000.0,,,2026-07-30,2026-09-19T15:05:41+00:00,https://opendata.cbs.nl/#/CBS/nl/dataset/86320NED/table,0,
cbs_employed_ict_occupations,cbs,2016Q3,2016-07-01,NL,user-support,40000.0,,,2026-07-30,2026-09-19T15:05:41+00:00,https://opendata.cbs.nl/#/CBS/nl/dataset/86320NED/table,0,
cbs_employed_ict_occupations,cbs,2016Q4,2016-10-01,NL,ict-managers,14000.0,,,2026-07-30,2026-09-19T15:05:41+00:00,https://opendata.cbs.nl/#/CBS/nl/dataset/86320NED/table,0,
cbs_employed_ict_occupations,cbs,2016Q4,2016-10-01,NL,ict-occupations,343000.0,,,2026-07-30,2026-09-19T15:05:41+00:00,https://opendata.cbs.nl/#/CBS/nl/dataset/86320NED/table,0,
cbs_employed_ict_occupations,cbs,2016Q4,2016-10-01,NL,system-network-specialists,66000.0,,,2026-07-30,2026-09-19T15:05:41+00:00,https://opendata.cbs.nl/#/CBS/nl/dataset/86320NED/table,0,
cbs_employed_ict_occupations,cbs,2016Q4,2016-10-01,NL,system-analysts-advisers,107000.0,,,2026-07-30,2026-09-19T15:05:41+00:00,https://opendata.cbs.nl/#/CBS/nl/dataset/86320NED/table,0,
cbs_employed_ict_occupations,cbs,2016Q4,2016-10-01,NL,software-developers,110000.0,,,2026-07-30,2026-09-19T15:05:41+00:00,https://opendata.cbs.nl/#/CBS/nl/dataset/86320NED/table,0,
cbs_employed_ict_occupations,cbs,2016Q4,2016-10-01,NL,user-support,47000.0,,,2026-07-30,2026-09-19T15:05:41+00:00,https://opendata.cbs.nl/#/CBS/nl/dataset/86320NED/table,0,
cbs_employed_ict_occupations,cbs,2017Q1,2017-01-01,NL,ict-managers,17000.0,,,2026-07-30,2026-09-19T15:05:41+00:00,https://opendata.cbs.nl/#/CBS/nl/dataset/86320NED/table,0,
cbs_employed_ict_occupations,cbs,2017Q1,2017-01-01,NL,ict-occupations,345000.0,,,2026-07-30,2026-09-19T15:05:41+00:00,https://opendata.cbs.nl/#/CBS/nl/dataset/86320NED/table,0,
cbs_employed_ict_occupations,cbs,2017Q1,2017-01-01,NL,system-network-specialists,68000.0,,,2026-07-30,2026-09-19T15:05:41+00:00,https://opendata.cbs.nl/#/CBS/nl/dataset/86320NED/table,0,
cbs_employed_ict_occupations,cbs,2017Q1,2017-01-01,NL,system-analysts-advisers,102000.0,,,2026-07-30,2026-09-19T15:05:41+00:00,https://opendata.cbs.nl/#/CBS/nl/dataset/86320NED/table,0,
cbs_employed_ict_occupations,cbs,2017Q1,2017-01-01,NL,software-developers,113000.0,,,2026-07-30,2026-09-19T15:05:41+00:00,https://opendata.cbs.nl/#/CBS/nl/dataset/86320NED/table,0,
cbs_employed_ict_occupations,cbs,2017Q1,2017-01-01,NL,user-support,46000.0,,,2026-07-30,2026-09-19T15:05:41+00:00,https://opendata.cbs.nl/#/CBS/nl/dataset/86320NED/table,0,
cbs_employed_ict_occupations,cbs,2017Q2,2017-04-01,NL,ict-managers,17000.0,,,2026-07-30,2026-09-19T15:05:41+00:00,https://opendata.cbs.nl/#/CBS/nl/dataset/86320NED/table,0,
cbs_employed_ict_occupations,cbs,2017Q2,2017-04-01,NL,ict-occupations,342000.0,,,2026-07-30,2026-09-19T15:05:41+00:00,https://opendata.cbs.nl/#/CBS/nl/dataset/86320NED/table,0,
cbs_employed_ict_occupations,cbs,2017Q2,2017-04-01,NL,system-network-specialists,69000.0,,,2026-07-30,2026-09-19T15:05:41+00:00,https://opendata.cbs.nl/#/CBS/nl/dataset/86320NED/table,0,
cbs_employed_ict_occupations,cbs,2017Q2,2017-04-01,NL,system-analysts-advisers,102000.0,,,2026-07-30,2026-09-19T15:05:41+00:00,https://opendata.cbs.nl/#/CBS/nl/dataset/86320NED/table,0,
cbs_employed_ict_occupations,cbs,2017Q2,2017-04-01,NL,software-developers,113000.0,,,2026-07-30,2026-09-19T15:05:41+00:00,https://opendata.cbs.nl/#/CBS/nl/dataset/86320NED/table,0,
cbs_employed_ict_occupations,cbs,2017Q2,2017-04-01,NL,user-support,42000.0,,,2026-07-30,2026-09-19T15:05:41+00:00,https://opendata.cbs.nl/#/CBS/nl/dataset/86320NED/table,0,
cbs_employed_ict_occupations,cbs,2017Q3,2017-07-01,NL,ict-managers,19000.0,,,2026-07-30,2026-09-19T15:05:41+00:00,https://opendata.cbs.nl/#/CBS/nl/dataset/86320NED/table,0,
cbs_employed_ict_occupations,cbs,2017Q3,2017-07-01,NL,ict-occupations,324000.0,,,2026-07-30,2026-09-19T15:05:41+00:00,https://opendata.cbs.nl/#/CBS/nl/dataset/86320NED/table,0,
cbs_employed_ict_occupations,cbs,2017Q3,2017-07-01,NL,system-network-specialists,59000.0,,,2026-07-30,2026-09-19T15:05:41+00:00,https://opendata.cbs.nl/#/CBS/nl/dataset/86320NED/table,0,
cbs_employed_ict_occupations,cbs,2017Q3,2017-07-01,NL,system-analysts-advisers,100000.0,,,2026-07-30,2026-09-19T15:05:41+00:00,https://opendata.cbs.nl/#/CBS/nl/dataset/86320NED/table,0,
cbs_employed_ict_occupations,cbs,2017Q3,2017-07-01,NL,software-developers,108000.0,,,2026-07-30,2026-09-19T15:05:41+00:00,https://opendata.cbs.nl/#/CBS/nl/dataset/86320NED/table,0,
cbs_employed_ict_occupations,cbs,2017Q3,2017-07-01,NL,user-support,41000.0,,,2026-07-30,2026-09-19T15:05:41+00:00,https://opendata.cbs.nl/#/CBS/nl/dataset/86320NED/table,0,
cbs_employed_ict_occupations,cbs,2017Q4,2017-10-01,NL,ict-managers,18000.0,,,2026-07-30,2026-09-19T15:05:41+00:00,https://opendata.cbs.nl/#/CBS/nl/dataset/86320NED/table,0,
cbs_employed_ict_occupations,cbs,2017Q4,2017-10-01,NL,ict-occupations,331000.0,,,2026-07-30,2026-09-19T15:05:41+00:00,https://opendata.cbs.nl/#/CBS/nl/dataset/86320NED/table,0,
cbs_employed_ict_occupations,cbs,2017Q4,2017-10-01,NL,system-network-specialists,62000.0,,,2026-07-30,2026-09-19T15:05:41+00:00,https://opendata.cbs.nl/#/CBS/nl/dataset/86320NED/table,0,
cbs_employed_ict_occupations,cbs,2017Q4,2017-10-01,NL,system-analysts-advisers,101000.0,,,2026-07-30,2026-09-19T15:05:41+00:00,https://opendata.cbs.nl/#/CBS/nl/dataset/86320NED/table,0,
cbs_employed_ict_occupations,cbs,2017Q4,2017-10-01,NL,software-developers,109000.0,,,2026-07-30,2026-09-19T15:05:41+00:00,https://opendata.cbs.nl/#/CBS/nl/dataset/86320NED/table,0,
cbs_employed_ict_occupations,cbs,2017Q4,2017-10-01,NL,user-support,44000.0,,,2026-07-30,2026-09-19T15:05:41+00:00,https://opendata.cbs.nl/#/CBS/nl/dataset/86320NED/table,0,
cbs_employed_ict_occupations,cbs,2018Q1,2018-01-01,NL,ict-managers,21000.0,,,2026-07-30,2026-09-19T15:05:41+00:00,https://opendata.cbs.nl/#/CBS/nl/dataset/86320NED/table,0,
cbs_employed_ict_occupations,cbs,2018Q1,2018-01-01,NL,ict-occupations,347000.0,,,2026-07-30,2026-09-19T15:05:41+00:00,https://opendata.cbs.nl/#/CBS/nl/dataset/86320NED/table,0,
cbs_employed_ict_occupations,cbs,2018Q1,2018-01-01,NL,system-network-specialists,66000.0,,,2026-07-30,2026-09-19T15:05:41+00:00,https://opendata.cbs.nl/#/CBS/nl/dataset/86320NED/table,0,
cbs_employed_ict_occupations,cbs,2018Q1,2018-01-01,NL,system-analysts-advisers,105000.0,,,2026-07-30,2026-09-19T15:05:41+00:00,https://opendata.cbs.nl/#/CBS/nl/dataset/86320NED/table,0,
cbs_employed_ict_occupations,cbs,2018Q1,2018-01-01,NL,software-developers,113000.0,,,2026-07-30,2026-09-19T15:05:41+00:00,https://opendata.cbs.nl/#/CBS/nl/dataset/86320NED/table,0,
cbs_employed_ict_occupations,cbs,2018Q1,2018-01-01,NL,user-support,46000.0,,,2026-07-30,2026-09-19T15:05:41+00:00,https://opendata.cbs.nl/#/CBS/nl/dataset/86320NED/table,0,
cbs_employed_ict_occupations,cbs,2018Q2,2018-04-01,NL,ict-managers,17000.0,,,2026-07-30,2026-09-19T15:05:41+00:00,https://opendata.cbs.nl/#/CBS/nl/dataset/86320NED/table,0,
cbs_employed_ict_occupations,cbs,2018Q2,2018-04-01,NL,ict-occupations,360000.0,,,2026-07-30,2026-09-19T15:05:41+00:00,https://opendata.cbs.nl/#/CBS/nl/dataset/86320NED/table,0,
cbs_employed_ict_occupations,cbs,2018Q2,2018-04-01,NL,system-network-specialists,70000.0,,,2026-07-30,2026-09-19T15:05:41+00:00,https://opendata.cbs.nl/#/CBS/nl/dataset/86320NED/table,0,
cbs_employed_ict_occupations,cbs,2018Q2,2018-04-01,NL,system-analysts-advisers,110000.0,,,2026-07-30,2026-09-19T15:05:41+00:00,https://opendata.cbs.nl/#/CBS/nl/dataset/86320NED/table,0,
cbs_employed_ict_occupations,cbs,2018Q2,2018-04-01,NL,software-developers,116000.0,,,2026-07-30,2026-09-19T15:05:41+00:00,https://opendata.cbs.nl/#/CBS/nl/dataset/86320NED/table,0,
cbs_employed_ict_occupations,cbs,2018Q2,2018-04-01,NL,user-support,47000.0,,,2026-07-30,2026-09-19T15:05:41+00:00,https://opendata.cbs.nl/#/CBS/nl/dataset/86320NED/table,0,
cbs_employed_ict_occupations,cbs,2018Q3,2018-07-01,NL,ict-managers,19000.0,,,2026-07-30,2026-09-19T15:05:41+00:00,https://opendata.cbs.nl/#/CBS/nl/dataset/86320NED/table,0,
cbs_employed_ict_occupations,cbs,2018Q3,2018-07-01,NL,ict-occupations,367000.0,,,2026-07-30,2026-09-19T15:05:41+00:00,https://opendata.cbs.nl/#/CBS/nl/dataset/86320NED/table,0,
cbs_employed_ict_occupations,cbs,2018Q3,2018-07-01,NL,system-network-specialists,73000.0,,,2026-07-30,2026-09-19T15:05:41+00:00,https://opendata.cbs.nl/#/CBS/nl/dataset/86320NED/table,0,
cbs_employed_ict_occupations,cbs,2018Q3,2018-07-01,NL,system-analysts-advisers,113000.0,,,2026-07-30,2026-09-19T15:05:41+00:00,https://opendata.cbs.nl/#/CBS/nl/dataset/86320NED/table,0,
cbs_employed_ict_occupations,cbs,2018Q3,2018-07-01,NL,software-developers,116000.0,,,2026-07-30,2026-09-19T15:05:41+00:00,https://opendata.cbs.nl/#/CBS/nl/dataset/86320NED/table,0,
cbs_employed_ict_occupations,cbs,2018Q3,2018-07-01,NL,user-support,45000.0,,,2026-07-30,2026-09-19T15:05:41+00:00,https://opendata.cbs.nl/#/CBS/nl/dataset/86320NED/table,0,
cbs_employed_ict_occupations,cbs,2018Q4,2018-10-01,NL,ict-managers,18000.0,,,2026-07-30,2026-09-19T15:05:41+00:00,https://opendata.cbs.nl/#/CBS/nl/dataset/86320NED/table,0,
cbs_employed_ict_occupations,cbs,2018Q4,2018-10-01,NL,ict-occupations,381000.0,,,2026-07-30,2026-09-19T15:05:41+00:00,https://opendata.cbs.nl/#/CBS/nl/dataset/86320NED/table,0,
cbs_employed_ict_occupations,cbs,2018Q4,2018-10-01,NL,system-network-specialists,73000.0,,,2026-07-30,2026-09-19T15:05:41+00:00,https://opendata.cbs.nl/#/CBS/nl/dataset/86320NED/table,0,
cbs_employed_ict_occupations,cbs,2018Q4,2018-10-01,NL,system-analysts-advisers,112000.0,,,2026-07-30,2026-09-19T15:05:41+00:00,https://opendata.cbs.nl/#/CBS/nl/dataset/86320NED/table,0,
cbs_employed_ict_occupations,cbs,2018Q4,2018-10-01,NL,software-developers,126000.0,,,2026-07-30,2026-09-19T15:05:41+00:00,https://opendata.cbs.nl/#/CBS/nl/dataset/86320NED/table,0,
cbs_employed_ict_occupations,cbs,2018Q4,2018-10-01,NL,user-support,48000.0,,,2026-07-30,2026-09-19T15:05:41+00:00,https://opendata.cbs.nl/#/CBS/nl/dataset/86320NED/table,0,
cbs_employed_ict_occupations,cbs,2019Q1,2019-01-01,NL,ict-managers,20000.0,,,2026-07-30,2026-09-19T15:05:41+00:00,https://opendata.cbs.nl/#/CBS/nl/dataset/86320NED/table,0,
cbs_employed_ict_occupations,cbs,2019Q1,2019-01-01,NL,ict-occupations,396000.0,,,2026-07-30,2026-09-19T15:05:41+00:00,https://opendata.cbs.nl/#/CBS/nl/dataset/86320NED/table,0,
cbs_employed_ict_occupations,cbs,2019Q1,2019-01-01,NL,system-network-specialists,74000.0,,,2026-07-30,2026-09-19T15:05:41+00:00,https://opendata.cbs.nl/#/CBS/nl/dataset/86320NED/table,0,
cbs_employed_ict_occupations,cbs,2019Q1,2019-01-01,NL,system-analysts-advisers,116000.0,,,2026-07-30,2026-09-19T15:05:41+00:00,https://opendata.cbs.nl/#/CBS/nl/dataset/86320NED/table,0,
cbs_employed_ict_occupations,cbs,2019Q1,2019-01-01,NL,software-developers,134000.0,,,2026-07-30,2026-09-19T15:05:41+00:00,https://opendata.cbs.nl/#/CBS/nl/dataset/86320NED/table,0,
cbs_employed_ict_occupations,cbs,2019Q1,2019-01-01,NL,user-support,50000.0,,,2026-07-30,2026-09-19T15:05:41+00:00,https://opendata.cbs.nl/#/CBS/nl/dataset/86320NED/table,0,
cbs_employed_ict_occupations,cbs,2019Q2,2019-04-01,NL,ict-managers,21000.0,,,2026-07-30,2026-09-19T15:05:41+00:00,https://opendata.cbs.nl/#/CBS/nl/dataset/86320NED/table,0,
cbs_employed_ict_occupations,cbs,2019Q2,2019-04-01,NL,ict-occupations,396000.0,,,2026-07-30,2026-09-19T15:05:41+00:00,https://opendata.cbs.nl/#/CBS/nl/dataset/86320NED/table,0,
cbs_employed_ict_occupations,cbs,2019Q2,2019-04-01,NL,system-network-specialists,70000.0,,,2026-07-30,2026-09-19T15:05:41+00:00,https://opendata.cbs.nl/#/CBS/nl/dataset/86320NED/table,0,
cbs_employed_ict_occupations,cbs,2019Q2,2019-04-01,NL,system-analysts-advisers,125000.0,,,2026-07-30,2026-09-19T15:05:41+00:00,https://opendata.cbs.nl/#/CBS/nl/dataset/86320NED/table,0,
cbs_employed_ict_occupations,cbs,2019Q2,2019-04-01,NL,software-developers,131000.0,,,2026-07-30,2026-09-19T15:05:41+00:00,https://opendata.cbs.nl/#/CBS/nl/dataset/86320NED/table,0,
cbs_employed_ict_occupations,cbs,2019Q2,2019-04-01,NL,user-support,51000.0,,,2026-07-30,2026-09-19T15:05:41+00:00,https://opendata.cbs.nl/#/CBS/nl/dataset/86320NED/table,0,
cbs_employed_ict_occupations,cbs,2019Q3,2019-07-01,NL,ict-managers,22000.0,,,2026-07-30,2026-09-19T15:05:41+00:00,https://opendata.cbs.nl/#/CBS/nl/dataset/86320NED/table,0,
cbs_employed_ict_occupations,cbs,2019Q3,2019-07-01,NL,ict-occupations,398000.0,,,2026-07-30,2026-09-19T15:05:41+00:00,https://opendata.cbs.nl/#/CBS/nl/dataset/86320NED/table,0,
cbs_employed_ict_occupations,cbs,2019Q3,2019-07-01,NL,system-network-specialists,66000.0,,,2026-07-30,2026-09-19T15:05:41+00:00,https://opendata.cbs.nl/#/CBS/nl/dataset/86320NED/table,0,
cbs_employed_ict_occupations,cbs,2019Q3,2019-07-01,NL,system-analysts-advisers,118000.0,,,2026-07-30,2026-09-19T15:05:41+00:00,https://opendata.cbs.nl/#/CBS/nl/dataset/86320NED/table,0,
cbs_employed_ict_occupations,cbs,2019Q3,2019-07-01,NL,software-developers,141000.0,,,2026-07-30,2026-09-19T15:05:41+00:00,https://opendata.cbs.nl/#/CBS/nl/dataset/86320NED/table,0,
cbs_employed_ict_occupations,cbs,2019Q3,2019-07-01,NL,user-support,55000.0,,,2026-07-30,2026-09-19T15:05:41+00:00,https://opendata.cbs.nl/#/CBS/nl/dataset/86320NED/table,0,
cbs_employed_ict_occupations,cbs,2019Q4,2019-10-01,NL,ict-managers,23000.0,,,2026-07-30,2026-09-19T15:05:41+00:00,https://opendata.cbs.nl/#/CBS/nl/dataset/86320NED/table,0,
cbs_employed_ict_occupations,cbs,2019Q4,2019-10-01,NL,ict-occupations,407000.0,,,2026-07-30,2026-09-19T15:05:41+00:00,https://opendata.cbs.nl/#/CBS/nl/dataset/86320NED/table,0,
cbs_employed_ict_occupations,cbs,2019Q4,2019-10-01,NL,system-network-specialists,67000.0,,,2026-07-30,2026-09-19T15:05:41+00:00,https://opendata.cbs.nl/#/CBS/nl/dataset/86320NED/table,0,
cbs_employed_ict_occupations,cbs,2019Q4,2019-10-01,NL,system-analysts-advisers,121000.0,,,2026-07-30,2026-09-19T15:05:41+00:00,https://opendata.cbs.nl/#/CBS/nl/dataset/86320NED/table,0,
cbs_employed_ict_occupations,cbs,2019Q4,2019-10-01,NL,software-developers,146000.0,,,2026-07-30,2026-09-19T15:05:41+00:00,https://opendata.cbs.nl/#/CBS/nl/dataset/86320NED/table,0,
cbs_employed_ict_occupations,cbs,2019Q4,2019-10-01,NL,user-support,52000.0,,,2026-07-30,2026-09-19T15:05:41+00:00,https://opendata.cbs.nl/#/CBS/nl/dataset/86320NED/table,0,
cbs_employed_ict_occupations,cbs,2020Q1,2020-01-01,NL,ict-managers,21000.0,,,2026-07-30,2026-09-19T15:05:41+00:00,https://opendata.cbs.nl/#/CBS/nl/dataset/86320NED/table,0,
cbs_employed_ict_occupations,cbs,2020Q1,2020-01-01,NL,ict-occupations,394000.0,,,2026-07-30,2026-09-19T15:05:41+00:00,https://opendata.cbs.nl/#/CBS/nl/dataset/86320NED/table,0,
cbs_employed_ict_occupations,cbs,2020Q1,2020-01-01,NL,system-network-specialists,70000.0,,,2026-07-30,2026-09-19T15:05:41+00:00,https://opendata.cbs.nl/#/CBS/nl/dataset/86320NED/table,0,
cbs_employed_ict_occupations,cbs,2020Q1,2020-01-01,NL,system-analysts-advisers,116000.0,,,2026-07-30,2026-09-19T15:05:41+00:00,https://opendata.cbs.nl/#/CBS/nl/dataset/86320NED/table,0,
cbs_employed_ict_occupations,cbs,2020Q1,2020-01-01,NL,software-developers,147000.0,,,2026-07-30,2026-09-19T15:05:41+00:00,https://opendata.cbs.nl/#/CBS/nl/dataset/86320NED/table,0,
cbs_employed_ict_occupations,cbs,2020Q1,2020-01-01,NL,user-support,44000.0,,,2026-07-30,2026-09-19T15:05:41+00:00,https://opendata.cbs.nl/#/CBS/nl/dataset/86320NED/table,0,
cbs_employed_ict_occupations,cbs,2020Q2,2020-04-01,NL,ict-managers,21000.0,,,2026-07-30,2026-09-19T15:05:41+00:00,https://opendata.cbs.nl/#/CBS/nl/dataset/86320NED/table,0,
cbs_employed_ict_occupations,cbs,2020Q2,2020-04-01,NL,ict-occupations,396000.0,,,2026-07-30,2026-09-19T15:05:41+00:00,https://opendata.cbs.nl/#/CBS/nl/dataset/86320NED/table,0,
cbs_employed_ict_occupations,cbs,2020Q2,2020-04-01,NL,system-network-specialists,69000.0,,,2026-07-30,2026-09-19T15:05:41+00:00,https://opendata.cbs.nl/#/CBS/nl/dataset/86320NED/table,0,
cbs_employed_ict_occupations,cbs,2020Q2,2020-04-01,NL,system-analysts-advisers,117000.0,,,2026-07-30,2026-09-19T15:05:41+00:00,https://opendata.cbs.nl/#/CBS/nl/dataset/86320NED/table,0,
cbs_employed_ict_occupations,cbs,2020Q2,2020-04-01,NL,software-developers,146000.0,,,2026-07-30,2026-09-19T15:05:41+00:00,https://opendata.cbs.nl/#/CBS/nl/dataset/86320NED/table,0,
cbs_employed_ict_occupations,cbs,2020Q2,2020-04-01,NL,user-support,45000.0,,,2026-07-30,2026-09-19T15:05:41+00:00,https://opendata.cbs.nl/#/CBS/nl/dataset/86320NED/table,0,
cbs_employed_ict_occupations,cbs,2020Q3,2020-07-01,NL,ict-managers,21000.0,,,2026-07-30,2026-09-19T15:05:41+00:00,https://opendata.cbs.nl/#/CBS/nl/dataset/86320NED/table,0,
cbs_employed_ict_occupations,cbs,2020Q3,2020-07-01,NL,ict-occupations,415000.0,,,2026-07-30,2026-09-19T15:05:41+00:00,https://opendata.cbs.nl/#/CBS/nl/dataset/86320NED/table,0,
cbs_employed_ict_occupations,cbs,2020Q3,2020-07-01,NL,system-network-specialists,73000.0,,,2026-07-30,2026-09-19T15:05:41+00:00,https://opendata.cbs.nl/#/CBS/nl/dataset/86320NED/table,0,
cbs_employed_ict_occupations,cbs,2020Q3,2020-07-01,NL,system-analysts-advisers,125000.0,,,2026-07-30,2026-09-19T15:05:41+00:00,https://opendata.cbs.nl/#/CBS/nl/dataset/86320NED/table,0,
cbs_employed_ict_occupations,cbs,2020Q3,2020-07-01,NL,software-developers,148000.0,,,2026-07-30,2026-09-19T15:05:41+00:00,https://opendata.cbs.nl/#/CBS/nl/dataset/86320NED/table,0,
cbs_employed_ict_occupations,cbs,2020Q3,2020-07-01,NL,user-support,49000.0,,,2026-07-30,2026-09-19T15:05:41+00:00,https://opendata.cbs.nl/#/CBS/nl/dataset/86320NED/table,0,
cbs_employed_ict_occupations,cbs,2020Q4,2020-10-01,NL,ict-managers,19000.0,,,2026-07-30,2026-09-19T15:05:41+00:00,https://opendata.cbs.nl/#/CBS/nl/dataset/86320NED/table,0,
cbs_employed_ict_occupations,cbs,2020Q4,2020-10-01,NL,ict-occupations,438000.0,,,2026-07-30,2026-09-19T15:05:41+00:00,https://opendata.cbs.nl/#/CBS/nl/dataset/86320NED/table,0,
cbs_employed_ict_occupations,cbs,2020Q4,2020-10-01,NL,system-network-specialists,78000.0,,,2026-07-30,2026-09-19T15:05:41+00:00,https://opendata.cbs.nl/#/CBS/nl/dataset/86320NED/table,0,
cbs_employed_ict_occupations,cbs,2020Q4,2020-10-01,NL,system-analysts-advisers,129000.0,,,2026-07-30,2026-09-19T15:05:41+00:00,https://opendata.cbs.nl/#/CBS/nl/dataset/86320NED/table,0,
cbs_employed_ict_occupations,cbs,2020Q4,2020-10-01,NL,software-developers,152000.0,,,2026-07-30,2026-09-19T15:05:41+00:00,https://opendata.cbs.nl/#/CBS/nl/dataset/86320NED/table,0,
cbs_employed_ict_occupations,cbs,2020Q4,2020-10-01,NL,user-support,58000.0,,,2026-07-30,2026-09-19T15:05:41+00:00,https://opendata.cbs.nl/#/CBS/nl/dataset/86320NED/table,0,
cbs_employed_ict_occupations,cbs,2021Q1,2021-01-01,NL,ict-managers,28000.0,,,2026-07-30,2026-09-19T15:05:41+00:00,https://opendata.cbs.nl/#/CBS/nl/dataset/86320NED/table,0,
cbs_employed_ict_occupations,cbs,2021Q1,2021-01-01,NL,ict-occupations,474000.0,,,2026-07-30,2026-09-19T15:05:41+00:00,https://opendata.cbs.nl/#/CBS/nl/dataset/86320NED/table,0,
cbs_employed_ict_occupations,cbs,2021Q1,2021-01-01,NL,system-network-specialists,77000.0,,,2026-07-30,2026-09-19T15:05:41+00:00,https://opendata.cbs.nl/#/CBS/nl/dataset/86320NED/table,0,
cbs_employed_ict_occupations,cbs,2021Q1,2021-01-01,NL,system-analysts-advisers,147000.0,,,2026-07-30,2026-09-19T15:05:41+00:00,https://opendata.cbs.nl/#/CBS/nl/dataset/86320NED/table,0,
cbs_employed_ict_occupations,cbs,2021Q1,2021-01-01,NL,software-developers,175000.0,,,2026-07-30,2026-09-19T15:05:41+00:00,https://opendata.cbs.nl/#/CBS/nl/dataset/86320NED/table,0,
cbs_employed_ict_occupations,cbs,2021Q1,2021-01-01,NL,user-support,52000.0,,,2026-07-30,2026-09-19T15:05:41+00:00,https://opendata.cbs.nl/#/CBS/nl/dataset/86320NED/table,0,
cbs_employed_ict_occupations,cbs,2021Q2,2021-04-01,NL,ict-managers,21000.0,,,2026-07-30,2026-09-19T15:05:41+00:00,https://opendata.cbs.nl/#/CBS/nl/dataset/86320NED/table,0,
cbs_employed_ict_occupations,cbs,2021Q2,2021-04-01,NL,ict-occupations,502000.0,,,2026-07-30,2026-09-19T15:05:41+00:00,https://opendata.cbs.nl/#/CBS/nl/dataset/86320NED/table,0,
cbs_employed_ict_occupations,cbs,2021Q2,2021-04-01,NL,system-network-specialists,99000.0,,,2026-07-30,2026-09-19T15:05:41+00:00,https://opendata.cbs.nl/#/CBS/nl/dataset/86320NED/table,0,
cbs_employed_ict_occupations,cbs,2021Q2,2021-04-01,NL,system-analysts-advisers,151000.0,,,2026-07-30,2026-09-19T15:05:41+00:00,https://opendata.cbs.nl/#/CBS/nl/dataset/86320NED/table,0,
cbs_employed_ict_occupations,cbs,2021Q2,2021-04-01,NL,software-developers,178000.0,,,2026-07-30,2026-09-19T15:05:41+00:00,https://opendata.cbs.nl/#/CBS/nl/dataset/86320NED/table,0,
cbs_employed_ict_occupations,cbs,2021Q2,2021-04-01,NL,user-support,47000.0,,,2026-07-30,2026-09-19T15:05:41+00:00,https://opendata.cbs.nl/#/CBS/nl/dataset/86320NED/table,0,
cbs_employed_ict_occupations,cbs,2021Q3,2021-07-01,NL,ict-managers,26000.0,,,2026-07-30,2026-09-19T15:05:41+00:00,https://opendata.cbs.nl/#/CBS/nl/dataset/86320NED/table,0,
cbs_employed_ict_occupations,cbs,2021Q3,2021-07-01,NL,ict-occupations,485000.0,,,2026-07-30,2026-09-19T15:05:41+00:00,https://opendata.cbs.nl/#/CBS/nl/dataset/86320NED/table,0,
cbs_employed_ict_occupations,cbs,2021Q3,2021-07-01,NL,system-network-specialists,92000.0,,,2026-07-30,2026-09-19T15:05:41+00:00,https://opendata.cbs.nl/#/CBS/nl/dataset/86320NED/table,0,
cbs_employed_ict_occupations,cbs,2021Q3,2021-07-01,NL,system-analysts-advisers,152000.0,,,2026-07-30,2026-09-19T15:05:41+00:00,https://opendata.cbs.nl/#/CBS/nl/dataset/86320NED/table,0,
cbs_employed_ict_occupations,cbs,2021Q3,2021-07-01,NL,software-developers,173000.0,,,2026-07-30,2026-09-19T15:05:41+00:00,https://opendata.cbs.nl/#/CBS/nl/dataset/86320NED/table,0,
cbs_employed_ict_occupations,cbs,2021Q3,2021-07-01,NL,user-support,49000.0,,,2026-07-30,2026-09-19T15:05:41+00:00,https://opendata.cbs.nl/#/CBS/nl/dataset/86320NED/table,0,
cbs_employed_ict_occupations,cbs,2021Q4,2021-10-01,NL,ict-managers,30000.0,,,2026-07-30,2026-09-19T15:05:41+00:00,https://opendata.cbs.nl/#/CBS/nl/dataset/86320NED/table,0,
cbs_employed_ict_occupations,cbs,2021Q4,2021-10-01,NL,ict-occupations,534000.0,,,2026-07-30,2026-09-19T15:05:41+00:00,https://opendata.cbs.nl/#/CBS/nl/dataset/86320NED/table,0,
cbs_employed_ict_occupations,cbs,2021Q4,2021-10-01,NL,system-network-specialists,98000.0,,,2026-07-30,2026-09-19T15:05:41+00:00,https://opendata.cbs.nl/#/CBS/nl/dataset/86320NED/table,0,
cbs_employed_ict_occupations,cbs,2021Q4,2021-10-01,NL,system-analysts-advisers,157000.0,,,2026-07-30,2026-09-19T15:05:41+00:00,https://opendata.cbs.nl/#/CBS/nl/dataset/86320NED/table,0,
cbs_employed_ict_occupations,cbs,2021Q4,2021-10-01,NL,software-developers,197000.0,,,2026-07-30,2026-09-19T15:05:41+00:00,https://opendata.cbs.nl/#/CBS/nl/dataset/86320NED/table,0,
cbs_employed_ict_occupations,cbs,2021Q4,2021-10-01,NL,user-support,58000.0,,,2026-07-30,2026-09-19T15:05:41+00:00,https://opendata.cbs.nl/#/CBS/nl/dataset/86320NED/table,0,
cbs_employed_ict_occupations,cbs,2022Q1,2022-01-01,NL,ict-managers,32000.0,,,2026-07-30,2026-09-19T15:05:41+00:00,https://opendata.cbs.nl/#/CBS/nl/dataset/86320NED/table,0,
cbs_employed_ict_occupations,cbs,2022Q1,2022-01-01,NL,ict-occupations,537000.0,,,2026-07-30,2026-09-19T15:05:41+00:00,https://opendata.cbs.nl/#/CBS/nl/dataset/86320NED/table,0,
cbs_employed_ict_occupations,cbs,2022Q1,2022-01-01,NL,system-network-specialists,98000.0,,,2026-07-30,2026-09-19T15:05:41+00:00,https://opendata.cbs.nl/#/CBS/nl/dataset/86320NED/table,0,
cbs_employed_ict_occupations,cbs,2022Q1,2022-01-01,NL,system-analysts-advisers,157000.0,,,2026-07-30,2026-09-19T15:05:41+00:00,https://opendata.cbs.nl/#/CBS/nl/dataset/86320NED/table,0,
cbs_employed_ict_occupations,cbs,2022Q1,2022-01-01,NL,software-developers,204000.0,,,2026-07-30,2026-09-19T15:05:41+00:00,https://opendata.cbs.nl/#/CBS/nl/dataset/86320NED/table,0,
cbs_employed_ict_occupations,cbs,2022Q1,2022-01-01,NL,user-support,57000.0,,,2026-07-30,2026-09-19T15:05:41+00:00,https://opendata.cbs.nl/#/CBS/nl/dataset/86320NED/table,0,
cbs_employed_ict_occupations,cbs,2022Q2,2022-04-01,NL,ict-managers,30000.0,,,2026-07-30,2026-09-19T15:05:41+00:00,https://opendata.cbs.nl/#/CBS/nl/dataset/86320NED/table,0,
cbs_employed_ict_occupations,cbs,2022Q2,2022-04-01,NL,ict-occupations,550000.0,,,2026-07-30,2026-09-19T15:05:41+00:00,https://opendata.cbs.nl/#/CBS/nl/dataset/86320NED/table,0,
cbs_employed_ict_occupations,cbs,2022Q2,2022-04-01,NL,system-network-specialists,93000.0,,,2026-07-30,2026-09-19T15:05:41+00:00,https://opendata.cbs.nl/#/CBS/nl/dataset/86320NED/table,0,
cbs_employed_ict_occupations,cbs,2022Q2,2022-04-01,NL,system-analysts-advisers,153000.0,,,2026-07-30,2026-09-19T15:05:41+00:00,https://opendata.cbs.nl/#/CBS/nl/dataset/86320NED/table,0,
cbs_employed_ict_occupations,cbs,2022Q2,2022-04-01,NL,software-developers,212000.0,,,2026-07-30,2026-09-19T15:05:41+00:00,https://opendata.cbs.nl/#/CBS/nl/dataset/86320NED/table,0,
cbs_employed_ict_occupations,cbs,2022Q2,2022-04-01,NL,user-support,65000.0,,,2026-07-30,2026-09-19T15:05:41+00:00,https://opendata.cbs.nl/#/CBS/nl/dataset/86320NED/table,0,
cbs_employed_ict_occupations,cbs,2022Q3,2022-07-01,NL,ict-managers,32000.0,,,2026-07-30,2026-09-19T15:05:41+00:00,https://opendata.cbs.nl/#/CBS/nl/dataset/86320NED/table,0,
cbs_employed_ict_occupations,cbs,2022Q3,2022-07-01,NL,ict-occupations,567000.0,,,2026-07-30,2026-09-19T15:05:41+00:00,https://opendata.cbs.nl/#/CBS/nl/dataset/86320NED/table,0,
cbs_employed_ict_occupations,cbs,2022Q3,2022-07-01,NL,system-network-specialists,97000.0,,,2026-07-30,2026-09-19T15:05:41+00:00,https://opendata.cbs.nl/#/CBS/nl/dataset/86320NED/table,0,
cbs_employed_ict_occupations,cbs,2022Q3,2022-07-01,NL,system-analysts-advisers,157000.0,,,2026-07-30,2026-09-19T15:05:41+00:00,https://opendata.cbs.nl/#/CBS/nl/dataset/86320NED/table,0,
cbs_employed_ict_occupations,cbs,2022Q3,2022-07-01,NL,software-developers,224000.0,,,2026-07-30,2026-09-19T15:05:41+00:00,https://opendata.cbs.nl/#/CBS/nl/dataset/86320NED/table,0,
cbs_employed_ict_occupations,cbs,2022Q3,2022-07-01,NL,user-support,65000.0,,,2026-07-30,2026-09-19T15:05:41+00:00,https://opendata.cbs.nl/#/CBS/nl/dataset/86320NED/table,0,
cbs_employed_ict_occupations,cbs,2022Q4,2022-10-01,NL,ict-managers,35000.0,,,2026-07-30,2026-09-19T15:05:41+00:00,https://opendata.cbs.nl/#/CBS/nl/dataset/86320NED/table,0,
cbs_employed_ict_occupations,cbs,2022Q4,2022-10-01,NL,ict-occupations,555000.0,,,2026-07-30,2026-09-19T15:05:41+00:00,https://opendata.cbs.nl/#/CBS/nl/dataset/86320NED/table,0,
cbs_employed_ict_occupations,cbs,2022Q4,2022-10-01,NL,system-network-specialists,95000.0,,,2026-07-30,2026-09-19T15:05:41+00:00,https://opendata.cbs.nl/#/CBS/nl/dataset/86320NED/table,0,
cbs_employed_ict_occupations,cbs,2022Q4,2022-10-01,NL,system-analysts-advisers,155000.0,,,2026-07-30,2026-09-19T15:05:41+00:00,https://opendata.cbs.nl/#/CBS/nl/dataset/86320NED/table,0,
cbs_employed_ict_occupations,cbs,2022Q4,2022-10-01,NL,software-developers,216000.0,,,2026-07-30,2026-09-19T15:05:41+00:00,https://opendata.cbs.nl/#/CBS/nl/dataset/86320NED/table,0,
cbs_employed_ict_occupations,cbs,2022Q4,2022-10-01,NL,user-support,60000.0,,,2026-07-30,2026-09-19T15:05:41+00:00,https://opendata.cbs.nl/#/CBS/nl/dataset/86320NED/table,0,
cbs_employed_ict_occupations,cbs,2023Q1,2023-01-01,NL,ict-managers,31000.0,,,2026-07-30,2026-09-19T15:05:41+00:00,https://opendata.cbs.nl/#/CBS/nl/dataset/86320NED/table,0,
cbs_employed_ict_occupations,cbs,2023Q1,2023-01-01,NL,ict-occupations,552000.0,,,2026-07-30,2026-09-19T15:05:41+00:00,https://opendata.cbs.nl/#/CBS/nl/dataset/86320NED/table,0,
cbs_employed_ict_occupations,cbs,2023Q1,2023-01-01,NL,system-network-specialists,89000.0,,,2026-07-30,2026-09-19T15:05:41+00:00,https://opendata.cbs.nl/#/CBS/nl/dataset/86320NED/table,0,
cbs_employed_ict_occupations,cbs,2023Q1,2023-01-01,NL,system-analysts-advisers,155000.0,,,2026-07-30,2026-09-19T15:05:41+00:00,https://opendata.cbs.nl/#/CBS/nl/dataset/86320NED/table,0,
cbs_employed_ict_occupations,cbs,2023Q1,2023-01-01,NL,software-developers,220000.0,,,2026-07-30,2026-09-19T15:05:41+00:00,https://opendata.cbs.nl/#/CBS/nl/dataset/86320NED/table,0,
cbs_employed_ict_occupations,cbs,2023Q1,2023-01-01,NL,user-support,59000.0,,,2026-07-30,2026-09-19T15:05:41+00:00,https://opendata.cbs.nl/#/CBS/nl/dataset/86320NED/table,0,
cbs_employed_ict_occupations,cbs,2023Q2,2023-04-01,NL,ict-managers,33000.0,,,2026-07-30,2026-09-19T15:05:41+00:00,https://opendata.cbs.nl/#/CBS/nl/dataset/86320NED/table,0,
cbs_employed_ict_occupations,cbs,2023Q2,2023-04-01,NL,ict-occupations,555000.0,,,2026-07-30,2026-09-19T15:05:41+00:00,https://opendata.cbs.nl/#/CBS/nl/dataset/86320NED/table,0,
cbs_employed_ict_occupations,cbs,2023Q2,2023-04-01,NL,system-network-specialists,95000.0,,,2026-07-30,2026-09-19T15:05:41+00:00,https://opendata.cbs.nl/#/CBS/nl/dataset/86320NED/table,0,
cbs_employed_ict_occupations,cbs,2023Q2,2023-04-01,NL,system-analysts-advisers,168000.0,,,2026-07-30,2026-09-19T15:05:41+00:00,https://opendata.cbs.nl/#/CBS/nl/dataset/86320NED/table,0,
cbs_employed_ict_occupations,cbs,2023Q2,2023-04-01,NL,software-developers,209000.0,,,2026-07-30,2026-09-19T15:05:41+00:00,https://opendata.cbs.nl/#/CBS/nl/dataset/86320NED/table,0,
cbs_employed_ict_occupations,cbs,2023Q2,2023-04-01,NL,user-support,55000.0,,,2026-07-30,2026-09-19T15:05:41+00:00,https://opendata.cbs.nl/#/CBS/nl/dataset/86320NED/table,0,
cbs_employed_ict_occupations,cbs,2023Q3,2023-07-01,NL,ict-managers,31000.0,,,2026-07-30,2026-09-19T15:05:41+00:00,https://opendata.cbs.nl/#/CBS/nl/dataset/86320NED/table,0,
cbs_employed_ict_occupations,cbs,2023Q3,2023-07-01,NL,ict-occupations,526000.0,,,2026-07-30,2026-09-19T15:05:41+00:00,https://opendata.cbs.nl/#/CBS/nl/dataset/86320NED/table,0,
cbs_employed_ict_occupations,cbs,2023Q3,2023-07-01,NL,system-network-specialists,85000.0,,,2026-07-30,2026-09-19T15:05:41+00:00,https://opendata.cbs.nl/#/CBS/nl/dataset/86320NED/table,0,
cbs_employed_ict_occupations,cbs,2023Q3,2023-07-01,NL,system-analysts-advisers,162000.0,,,2026-07-30,2026-09-19T15:05:41+00:00,https://opendata.cbs.nl/#/CBS/nl/dataset/86320NED/table,0,
cbs_employed_ict_occupations,cbs,2023Q3,2023-07-01,NL,software-developers,198000.0,,,2026-07-30,2026-09-19T15:05:41+00:00,https://opendata.cbs.nl/#/CBS/nl/dataset/86320NED/table,0,
cbs_employed_ict_occupations,cbs,2023Q3,2023-07-01,NL,user-support,52000.0,,,2026-07-30,2026-09-19T15:05:41+00:00,https://opendata.cbs.nl/#/CBS/nl/dataset/86320NED/table,0,
cbs_employed_ict_occupations,cbs,2023Q4,2023-10-01,NL,ict-managers,33000.0,,,2026-07-30,2026-09-19T15:05:41+00:00,https://opendata.cbs.nl/#/CBS/nl/dataset/86320NED/table,0,
cbs_employed_ict_occupations,cbs,2023Q4,2023-10-01,NL,ict-occupations,537000.0,,,2026-07-30,2026-09-19T15:05:41+00:00,https://opendata.cbs.nl/#/CBS/nl/dataset/86320NED/table,0,
cbs_employed_ict_occupations,cbs,2023Q4,2023-10-01,NL,system-network-specialists,89000.0,,,2026-07-30,2026-09-19T15:05:41+00:00,https://opendata.cbs.nl/#/CBS/nl/dataset/86320NED/table,0,
cbs_employed_ict_occupations,cbs,2023Q4,2023-10-01,NL,system-analysts-advisers,166000.0,,,2026-07-30,2026-09-19T15:05:41+00:00,https://opendata.cbs.nl/#/CBS/nl/dataset/86320NED/table,0,
cbs_employed_ict_occupations,cbs,2023Q4,2023-10-01,NL,software-developers,200000.0,,,2026-07-30,2026-09-19T15:05:41+00:00,https://opendata.cbs.nl/#/CBS/nl/dataset/86320NED/table,0,
cbs_employed_ict_occupations,cbs,2023Q4,2023-10-01,NL,user-support,52000.0,,,2026-07-30,2026-09-19T15:05:41+00:00,https://opendata.cbs.nl/#/CBS/nl/dataset/86320NED/table,0,
cbs_employed_ict_occupations,cbs,2024Q1,2024-01-01,NL,ict-managers,30000.0,,,2026-07-30,2026-09-19T15:05:41+00:00,https://opendata.cbs.nl/#/CBS/nl/dataset/86320NED/table,0,
cbs_employed_ict_occupations,cbs,2024Q1,2024-01-01,NL,ict-occupations,544000.0,,,2026-07-30,2026-09-19T15:05:41+00:00,https://opendata.cbs.nl/#/CBS/nl/dataset/86320NED/table,0,
cbs_employed_ict_occupations,cbs,2024Q1,2024-01-01,NL,system-network-specialists,101000.0,,,2026-07-30,2026-09-19T15:05:41+00:00,https://opendata.cbs.nl/#/CBS/nl/dataset/86320NED/table,0,
cbs_employed_ict_occupations,cbs,2024Q1,2024-01-01,NL,system-analysts-advisers,158000.0,,,2026-07-30,2026-09-19T15:05:41+00:00,https://opendata.cbs.nl/#/CBS/nl/dataset/86320NED/table,0,
cbs_employed_ict_occupations,cbs,2024Q1,2024-01-01,NL,software-developers,207000.0,,,2026-07-30,2026-09-19T15:05:41+00:00,https://opendata.cbs.nl/#/CBS/nl/dataset/86320NED/table,0,
cbs_employed_ict_occupations,cbs,2024Q1,2024-01-01,NL,user-support,54000.0,,,2026-07-30,2026-09-19T15:05:41+00:00,https://opendata.cbs.nl/#/CBS/nl/dataset/86320NED/table,0,
cbs_employed_ict_occupations,cbs,2024Q2,2024-04-01,NL,ict-managers,32000.0,,,2026-07-30,2026-09-19T15:05:41+00:00,https://opendata.cbs.nl/#/CBS/nl/dataset/86320NED/table,0,
cbs_employed_ict_occupations,cbs,2024Q2,2024-04-01,NL,ict-occupations,543000.0,,,2026-07-30,2026-09-19T15:05:41+00:00,https://opendata.cbs.nl/#/CBS/nl/dataset/86320NED/table,0,
cbs_employed_ict_occupations,cbs,2024Q2,2024-04-01,NL,system-network-specialists,97000.0,,,2026-07-30,2026-09-19T15:05:41+00:00,https://opendata.cbs.nl/#/CBS/nl/dataset/86320NED/table,0,
cbs_employed_ict_occupations,cbs,2024Q2,2024-04-01,NL,system-analysts-advisers,165000.0,,,2026-07-30,2026-09-19T15:05:41+00:00,https://opendata.cbs.nl/#/CBS/nl/dataset/86320NED/table,0,
cbs_employed_ict_occupations,cbs,2024Q2,2024-04-01,NL,software-developers,205000.0,,,2026-07-30,2026-09-19T15:05:41+00:00,https://opendata.cbs.nl/#/CBS/nl/dataset/86320NED/table,0,
cbs_employed_ict_occupations,cbs,2024Q2,2024-04-01,NL,user-support,50000.0,,,2026-07-30,2026-09-19T15:05:41+00:00,https://opendata.cbs.nl/#/CBS/nl/dataset/86320NED/table,0,
cbs_employed_ict_occupations,cbs,2024Q3,2024-07-01,NL,ict-managers,36000.0,,,2026-07-30,2026-09-19T15:05:41+00:00,https://opendata.cbs.nl/#/CBS/nl/dataset/86320NED/table,0,
cbs_employed_ict_occupations,cbs,2024Q3,2024-07-01,NL,ict-occupations,547000.0,,,2026-07-30,2026-09-19T15:05:41+00:00,https://opendata.cbs.nl/#/CBS/nl/dataset/86320NED/table,0,
cbs_employed_ict_occupations,cbs,2024Q3,2024-07-01,NL,system-network-specialists,92000.0,,,2026-07-30,2026-09-19T15:05:41+00:00,https://opendata.cbs.nl/#/CBS/nl/dataset/86320NED/table,0,
cbs_employed_ict_occupations,cbs,2024Q3,2024-07-01,NL,system-analysts-advisers,166000.0,,,2026-07-30,2026-09-19T15:05:41+00:00,https://opendata.cbs.nl/#/CBS/nl/dataset/86320NED/table,0,
cbs_employed_ict_occupations,cbs,2024Q3,2024-07-01,NL,software-developers,210000.0,,,2026-07-30,2026-09-19T15:05:41+00:00,https://opendata.cbs.nl/#/CBS/nl/dataset/86320NED/table,0,
cbs_employed_ict_occupations,cbs,2024Q3,2024-07-01,NL,user-support,55000.0,,,2026-07-30,2026-09-19T15:05:41+00:00,https://opendata.cbs.nl/#/CBS/nl/dataset/86320NED/table,0,
cbs_employed_ict_occupations,cbs,2024Q4,2024-10-01,NL,ict-managers,36000.0,,,2026-07-30,2026-09-19T15:05:41+00:00,https://opendata.cbs.nl/#/CBS/nl/dataset/86320NED/table,0,
cbs_employed_ict_occupations,cbs,2024Q4,2024-10-01,NL,ict-occupations,555000.0,,,2026-07-30,2026-09-19T15:05:41+00:00,https://opendata.cbs.nl/#/CBS/nl/dataset/86320NED/table,0,
cbs_employed_ict_occupations,cbs,2024Q4,2024-10-01,NL,system-network-specialists,98000.0,,,2026-07-30,2026-09-19T15:05:41+00:00,https://opendata.cbs.nl/#/CBS/nl/dataset/86320NED/table,0,
cbs_employed_ict_occupations,cbs,2024Q4,2024-10-01,NL,system-analysts-advisers,170000.0,,,2026-07-30,2026-09-19T15:05:41+00:00,https://opendata.cbs.nl/#/CBS/nl/dataset/86320NED/table,0,
cbs_employed_ict_occupations,cbs,2024Q4,2024-10-01,NL,software-developers,212000.0,,,2026-07-30,2026-09-19T15:05:41+00:00,https://opendata.cbs.nl/#/CBS/nl/dataset/86320NED/table,0,
cbs_employed_ict_occupations,cbs,2024Q4,2024-10-01,NL,user-support,51000.0,,,2026-07-30,2026-09-19T15:05:41+00:00,https://opendata.cbs.nl/#/CBS/nl/dataset/86320NED/table,0,
cbs_employed_ict_occupations,cbs,2025Q1,2025-01-01,NL,ict-managers,39000.0,,,2026-07-30,2026-09-19T15:05:41+00:00,https://opendata.cbs.nl/#/CBS/nl/dataset/86320NED/table,0,
cbs_employed_ict_occupations,cbs,2025Q1,2025-01-01,NL,ict-occupations,558000.0,,,2026-07-30,2026-09-19T15:05:41+00:00,https://opendata.cbs.nl/#/CBS/nl/dataset/86320NED/table,0,
cbs_employed_ict_occupations,cbs,2025Q1,2025-01-01,NL,system-network-specialists,99000.0,,,2026-07-30,2026-09-19T15:05:41+00:00,https://opendata.cbs.nl/#/CBS/nl/dataset/86320NED/table,0,
cbs_employed_ict_occupations,cbs,2025Q1,2025-01-01,NL,system-analysts-advisers,177000.0,,,2026-07-30,2026-09-19T15:05:41+00:00,https://opendata.cbs.nl/#/CBS/nl/dataset/86320NED/table,0,
cbs_employed_ict_occupations,cbs,2025Q1,2025-01-01,NL,software-developers,209000.0,,,2026-07-30,2026-09-19T15:05:41+00:00,https://opendata.cbs.nl/#/CBS/nl/dataset/86320NED/table,0,
cbs_employed_ict_occupations,cbs,2025Q1,2025-01-01,NL,user-support,48000.0,,,2026-07-30,2026-09-19T15:05:41+00:00,https://opendata.cbs.nl/#/CBS/nl/dataset/86320NED/table,0,
cbs_employed_ict_occupations,cbs,2025Q2,2025-04-01,NL,ict-managers,37000.0,,,2026-07-30,2026-09-19T15:05:41+00:00,https://opendata.cbs.nl/#/CBS/nl/dataset/86320NED/table,0,
cbs_employed_ict_occupations,cbs,2025Q2,2025-04-01,NL,ict-occupations,553000.0,,,2026-07-30,2026-09-19T15:05:41+00:00,https://opendata.cbs.nl/#/CBS/nl/dataset/86320NED/table,0,
cbs_employed_ict_occupations,cbs,2025Q2,2025-04-01,NL,system-network-specialists,100000.0,,,2026-07-30,2026-09-19T15:05:41+00:00,https://opendata.cbs.nl/#/CBS/nl/dataset/86320NED/table,0,
cbs_employed_ict_occupations,cbs,2025Q2,2025-04-01,NL,system-analysts-advisers,171000.0,,,2026-07-30,2026-09-19T15:05:41+00:00,https://opendata.cbs.nl/#/CBS/nl/dataset/86320NED/table,0,
cbs_employed_ict_occupations,cbs,2025Q2,2025-04-01,NL,software-developers,205000.0,,,2026-07-30,2026-09-19T15:05:41+00:00,https://opendata.cbs.nl/#/CBS/nl/dataset/86320NED/table,0,
cbs_employed_ict_occupations,cbs,2025Q2,2025-04-01,NL,user-support,54000.0,,,2026-07-30,2026-09-19T15:05:41+00:00,https://opendata.cbs.nl/#/CBS/nl/dataset/86320NED/table,0,
cbs_employed_ict_occupations,cbs,2025Q3,2025-07-01,NL,ict-managers,34000.0,,,2026-07-30,2026-09-19T15:05:41+00:00,https://opendata.cbs.nl/#/CBS/nl/dataset/86320NED/table,0,
cbs_employed_ict_occupations,cbs,2025Q3,2025-07-01,NL,ict-occupations,560000.0,,,2026-07-30,2026-09-19T15:05:41+00:00,https://opendata.cbs.nl/#/CBS/nl/dataset/86320NED/table,0,
cbs_employed_ict_occupations,cbs,2025Q3,2025-07-01,NL,system-network-specialists,98000.0,,,2026-07-30,2026-09-19T15:05:41+00:00,https://opendata.cbs.nl/#/CBS/nl/dataset/86320NED/table,0,
cbs_employed_ict_occupations,cbs,2025Q3,2025-07-01,NL,system-analysts-advisers,175000.0,,,2026-07-30,2026-09-19T15:05:41+00:00,https://opendata.cbs.nl/#/CBS/nl/dataset/86320NED/table,0,
cbs_employed_ict_occupations,cbs,2025Q3,2025-07-01,NL,software-developers,209000.0,,,2026-07-30,2026-09-19T15:05:41+00:00,https://opendata.cbs.nl/#/CBS/nl/dataset/86320NED/table,0,
cbs_employed_ict_occupations,cbs,2025Q3,2025-07-01,NL,user-support,49000.0,,,2026-07-30,2026-09-19T15:05:41+00:00,https://opendata.cbs.nl/#/CBS/nl/dataset/86320NED/table,0,
cbs_employed_ict_occupations,cbs,2025Q4,2025-10-01,NL,ict-managers,34000.0,,,2026-07-30,2026-09-19T15:05:41+00:00,https://opendata.cbs.nl/#/CBS/nl/dataset/86320NED/table,0,
cbs_employed_ict_occupations,cbs,2025Q4,2025-10-01,NL,ict-occupations,575000.0,,,2026-07-30,2026-09-19T15:05:41+00:00,https://opendata.cbs.nl/#/CBS/nl/dataset/86320NED/table,0,
cbs_employed_ict_occupations,cbs,2025Q4,2025-10-01,NL,system-network-specialists,96000.0,,,2026-07-30,2026-09-19T15:05:41+00:00,https://opendata.cbs.nl/#/CBS/nl/dataset/86320NED/table,0,
cbs_employed_ict_occupations,cbs,2025Q4,2025-10-01,NL,system-analysts-advisers,183000.0,,,2026-07-30,2026-09-19T15:05:41+00:00,https://opendata.cbs.nl/#/CBS/nl/dataset/86320NED/table,0,
cbs_employed_ict_occupations,cbs,2025Q4,2025-10-01,NL,software-developers,218000.0,,,2026-07-30,2026-09-19T15:05:41+00:00,https://opendata.cbs.nl/#/CBS/nl/dataset/86320NED/table,0,
cbs_employed_ict_occupations,cbs,2025Q4,2025-10-01,NL,user-support,48000.0,,,2026-07-30,2026-09-19T15:05:41+00:00,https://opendata.cbs.nl/#/CBS/nl/dataset/86320NED/table,0,
cbs_employed_ict_occupations,cbs,2026Q1,2026-01-01,NL,ict-managers,36000.0,,,2026-07-30,2026-09-19T15:05:41+00:00,https://opendata.cbs.nl/#/CBS/nl/dataset/86320NED/table,0,
cbs_employed_ict_occupations,cbs,2026Q1,2026-01-01,NL,ict-occupations,579000.0,,,2026-07-30,2026-09-19T15:05:41+00:00,https://opendata.cbs.nl/#/CBS/nl/dataset/86320NED/table,0,
cbs_employed_ict_occupations,cbs,2026Q1,2026-01-01,NL,system-network-specialists,98000.0,,,2026-07-30,2026-09-19T15:05:41+00:00,https://opendata.cbs.nl/#/CBS/nl/dataset/86320NED/table,0,
cbs_employed_ict_occupations,cbs,2026Q1,2026-01-01,NL,system-analysts-advisers,179000.0,,,2026-07-30,2026-09-19T15:05:41+00:00,https://opendata.cbs.nl/#/CBS/nl/dataset/86320NED/table,0,
cbs_employed_ict_occupations,cbs,2026Q1,2026-01-01,NL,software-developers,222000.0,,,2026-07-30,2026-09-19T15:05:41+00:00,https://opendata.cbs.nl/#/CBS/nl/dataset/86320NED/table,0,
cbs_employed_ict_occupations,cbs,2026Q1,2026-01-01,NL,user-support,51000.0,,,2026-07-30,2026-09-19T15:05:41+00:00,https://opendata.cbs.nl/#/CBS/nl/dataset/86320NED/table,0,
cbs_employed_ict_occupations,cbs,2026Q2,2026-04-01,NL,ict-managers,34000.0,,,2026-07-30,2026-09-19T15:05:41+00:00,https://opendata.cbs.nl/#/CBS/nl/dataset/86320NED/table,0,
cbs_employed_ict_occupations,cbs,2026Q2,2026-04-01,NL,ict-occupations,589000.0,,,2026-07-30,2026-09-19T15:05:41+00:00,https://opendata.cbs.nl/#/CBS/nl/dataset/86320NED/table,0,
cbs_employed_ict_occupations,cbs,2026Q2,2026-04-01,NL,system-network-specialists,103000.0,,,2026-07-30,2026-09-19T15:05:41+00:00,https://opendata.cbs.nl/#/CBS/nl/dataset/86320NED/table,0,
cbs_employed_ict_occupations,cbs,2026Q2,2026-04-01,NL,system-analysts-advisers,183000.0,,,2026-07-30,2026-09-19T15:05:41+00:00,https://opendata.cbs.nl/#/CBS/nl/dataset/86320NED/table,0,
cbs_employed_ict_occupations,cbs,2026Q2,2026-04-01,NL,software-developers,229000.0,,,2026-07-30,2026-09-19T15:05:41+00:00,https://opendata.cbs.nl/#/CBS/nl/dataset/86320NED/table,0,
cbs_employed_ict_occupations,cbs,2026Q2,2026-04-01,NL,user-support,50000.0,,,2026-07-30,2026-09-19T15:05:41+00:00,https://opendata.cbs.nl/#/CBS/nl/dataset/86320NED/table,0,
cbs_new_vacancies_ict_occupations,cbs,2018,2018-01-01,NL,ict-occupations,61000.0,,,2026-06-30,2026-09-19T15:05:41+00:00,https://opendata.cbs.nl/#/CBS/nl/dataset/85081NED/table,0,voorlopig
cbs_new_vacancies_ict_occupations,cbs,2018,2018-01-01,NL,ict-specialists,52100.0,,,2026-06-30,2026-09-19T15:05:41+00:00,https://opendata.cbs.nl/#/CBS/nl/dataset/85081NED/table,0,voorlopig
cbs_new_vacancies_ict_occupations,cbs,2018,2018-01-01,NL,ict-technicians,8900.0,,,2026-06-30,2026-09-19T15:05:41+00:00,https://opendata.cbs.nl/#/CBS/nl/dataset/85081NED/table,0,voorlopig
cbs_new_vacancies_ict_occupations,cbs,2019,2019-01-01,NL,ict-occupations,69500.0,,,2026-06-30,2026-09-19T15:05:41+00:00,https://opendata.cbs.nl/#/CBS/nl/dataset/85081NED/table,0,voorlopig
cbs_new_vacancies_ict_occupations,cbs,2019,2019-01-01,NL,ict-specialists,59100.0,,,2026-06-30,2026-09-19T15:05:41+00:00,https://opendata.cbs.nl/#/CBS/nl/dataset/85081NED/table,0,voorlopig
cbs_new_vacancies_ict_occupations,cbs,2019,2019-01-01,NL,ict-technicians,10400.0,,,2026-06-30,2026-09-19T15:05:41+00:00,https://opendata.cbs.nl/#/CBS/nl/dataset/85081NED/table,0,voorlopig
cbs_new_vacancies_ict_occupations,cbs,2020,2020-01-01,NL,ict-occupations,65900.0,,,2026-06-30,2026-09-19T15:05:41+00:00,https://opendata.cbs.nl/#/CBS/nl/dataset/85081NED/table,0,voorlopig
cbs_new_vacancies_ict_occupations,cbs,2020,2020-01-01,NL,ict-specialists,57300.0,,,2026-06-30,2026-09-19T15:05:41+00:00,https://opendata.cbs.nl/#/CBS/nl/dataset/85081NED/table,0,voorlopig
cbs_new_vacancies_ict_occupations,cbs,2020,2020-01-01,NL,ict-technicians,8600.0,,,2026-06-30,2026-09-19T15:05:41+00:00,https://opendata.cbs.nl/#/CBS/nl/dataset/85081NED/table,0,voorlopig
cbs_new_vacancies_ict_occupations,cbs,2021,2021-01-01,NL,ict-occupations,87400.0,,,2026-06-30,2026-09-19T15:05:41+00:00,https://opendata.cbs.nl/#/CBS/nl/dataset/85081NED/table,0,voorlopig
cbs_new_vacancies_ict_occupations,cbs,2021,2021-01-01,NL,ict-specialists,74900.0,,,2026-06-30,2026-09-19T15:05:41+00:00,https://opendata.cbs.nl/#/CBS/nl/dataset/85081NED/table,0,voorlopig
cbs_new_vacancies_ict_occupations,cbs,2021,2021-01-01,NL,ict-technicians,12500.0,,,2026-06-30,2026-09-19T15:05:41+00:00,https://opendata.cbs.nl/#/CBS/nl/dataset/85081NED/table,0,voorlopig
cbs_new_vacancies_ict_occupations,cbs,2022,2022-01-01,NL,ict-occupations,89700.0,,,2026-06-30,2026-09-19T15:05:41+00:00,https://opendata.cbs.nl/#/CBS/nl/dataset/85081NED/table,0,voorlopig
cbs_new_vacancies_ict_occupations,cbs,2022,2022-01-01,NL,ict-specialists,76300.0,,,2026-06-30,2026-09-19T15:05:41+00:00,https://opendata.cbs.nl/#/CBS/nl/dataset/85081NED/table,0,voorlopig
cbs_new_vacancies_ict_occupations,cbs,2022,2022-01-01,NL,ict-technicians,13400.0,,,2026-06-30,2026-09-19T15:05:41+00:00,https://opendata.cbs.nl/#/CBS/nl/dataset/85081NED/table,0,voorlopig
cbs_new_vacancies_ict_occupations,cbs,2023,2023-01-01,NL,ict-occupations,77500.0,,,2026-06-30,2026-09-19T15:05:41+00:00,https://opendata.cbs.nl/#/CBS/nl/dataset/85081NED/table,0,voorlopig
cbs_new_vacancies_ict_occupations,cbs,2023,2023-01-01,NL,ict-specialists,65300.0,,,2026-06-30,2026-09-19T15:05:41+00:00,https://opendata.cbs.nl/#/CBS/nl/dataset/85081NED/table,0,voorlopig
cbs_new_vacancies_ict_occupations,cbs,2023,2023-01-01,NL,ict-technicians,12200.0,,,2026-06-30,2026-09-19T15:05:41+00:00,https://opendata.cbs.nl/#/CBS/nl/dataset/85081NED/table,0,voorlopig
cbs_new_vacancies_ict_occupations,cbs,2024,2024-01-01,NL,ict-occupations,66100.0,,,2026-06-30,2026-09-19T15:05:41+00:00,https://opendata.cbs.nl/#/CBS/nl/dataset/85081NED/table,0,voorlopig
cbs_new_vacancies_ict_occupations,cbs,2024,2024-01-01,NL,ict-specialists,55900.0,,,2026-06-30,2026-09-19T15:05:41+00:00,https://opendata.cbs.nl/#/CBS/nl/dataset/85081NED/table,0,voorlopig
cbs_new_vacancies_ict_occupations,cbs,2024,2024-01-01,NL,ict-technicians,10200.0,,,2026-06-30,2026-09-19T15:05:41+00:00,https://opendata.cbs.nl/#/CBS/nl/dataset/85081NED/table,0,voorlopig
cbs_new_vacancies_ict_occupations,cbs,2025,2025-01-01,NL,ict-occupations,64300.0,,,2026-06-30,2026-09-19T15:05:41+00:00,https://opendata.cbs.nl/#/CBS/nl/dataset/85081NED/table,0,voorlopig
cbs_new_vacancies_ict_occupations,cbs,2025,2025-01-01,NL,ict-specialists,55400.0,,,2026-06-30,2026-09-19T15:05:41+00:00,https://opendata.cbs.nl/#/CBS/nl/dataset/85081NED/table,0,voorlopig
cbs_new_vacancies_ict_occupations,cbs,2025,2025-01-01,NL,ict-technicians,8900.0,,,2026-06-30,2026-09-19T15:05:41+00:00,https://opendata.cbs.nl/#/CBS/nl/dataset/85081NED/table,0,voorlopig
cbs_open_vacancies_ict_sector_region,cbs,2011Q1,2011-01-01,NL,,9300.0,,,2026-07-30,2026-09-19T15:05:41+00:00,https://opendata.cbs.nl/#/CBS/nl/dataset/83599NED/table,0,
cbs_open_vacancies_ict_sector_region,cbs,2011Q1,2011-01-01,noord-holland,,2400.0,,,2026-07-30,2026-09-19T15:05:41+00:00,https://opendata.cbs.nl/#/CBS/nl/dataset/83599NED/table,0,
cbs_open_vacancies_ict_sector_region,cbs,2011Q2,2011-04-01,NL,,9600.0,,,2026-07-30,2026-09-19T15:05:41+00:00,https://opendata.cbs.nl/#/CBS/nl/dataset/83599NED/table,0,
cbs_open_vacancies_ict_sector_region,cbs,2011Q2,2011-04-01,noord-holland,,2600.0,,,2026-07-30,2026-09-19T15:05:41+00:00,https://opendata.cbs.nl/#/CBS/nl/dataset/83599NED/table,0,
cbs_open_vacancies_ict_sector_region,cbs,2011Q3,2011-07-01,NL,,8900.0,,,2026-07-30,2026-09-19T15:05:41+00:00,https://opendata.cbs.nl/#/CBS/nl/dataset/83599NED/table,0,
cbs_open_vacancies_ict_sector_region,cbs,2011Q3,2011-07-01,noord-holland,,2500.0,,,2026-07-30,2026-09-19T15:05:41+00:00,https://opendata.cbs.nl/#/CBS/nl/dataset/83599NED/table,0,
cbs_open_vacancies_ict_sector_region,cbs,2011Q4,2011-10-01,NL,,7500.0,,,2026-07-30,2026-09-19T15:05:41+00:00,https://opendata.cbs.nl/#/CBS/nl/dataset/83599NED/table,0,
cbs_open_vacancies_ict_sector_region,cbs,2011Q4,2011-10-01,noord-holland,,2000.0,,,2026-07-30,2026-09-19T15:05:41+00:00,https://opendata.cbs.nl/#/CBS/nl/dataset/83599NED/table,0,
cbs_open_vacancies_ict_sector_region,cbs,2012Q1,2012-01-01,NL,,7800.0,,,2026-07-30,2026-09-19T15:05:41+00:00,https://opendata.cbs.nl/#/CBS/nl/dataset/83599NED/table,0,
cbs_open_vacancies_ict_sector_region,cbs,2012Q1,2012-01-01,noord-holland,,2200.0,,,2026-07-30,2026-09-19T15:05:41+00:00,https://opendata.cbs.nl/#/CBS/nl/dataset/83599NED/table,0,
cbs_open_vacancies_ict_sector_region,cbs,2012Q2,2012-04-01,NL,,7700.0,,,2026-07-30,2026-09-19T15:05:41+00:00,https://opendata.cbs.nl/#/CBS/nl/dataset/83599NED/table,0,
cbs_open_vacancies_ict_sector_region,cbs,2012Q2,2012-04-01,noord-holland,,2100.0,,,2026-07-30,2026-09-19T15:05:41+00:00,https://opendata.cbs.nl/#/CBS/nl/dataset/83599NED/table,0,
cbs_open_vacancies_ict_sector_region,cbs,2012Q3,2012-07-01,NL,,7800.0,,,2026-07-30,2026-09-19T15:05:41+00:00,https://opendata.cbs.nl/#/CBS/nl/dataset/83599NED/table,0,
cbs_open_vacancies_ict_sector_region,cbs,2012Q3,2012-07-01,noord-holland,,2100.0,,,2026-07-30,2026-09-19T15:05:41+00:00,https://opendata.cbs.nl/#/CBS/nl/dataset/83599NED/table,0,
cbs_open_vacancies_ict_sector_region,cbs,2012Q4,2012-10-01,NL,,7500.0,,,2026-07-30,2026-09-19T15:05:41+00:00,https://opendata.cbs.nl/#/CBS/nl/dataset/83599NED/table,0,
cbs_open_vacancies_ict_sector_region,cbs,2012Q4,2012-10-01,noord-holland,,1900.0,,,2026-07-30,2026-09-19T15:05:41+00:00,https://opendata.cbs.nl/#/CBS/nl/dataset/83599NED/table,0,
cbs_open_vacancies_ict_sector_region,cbs,2013Q1,2013-01-01,NL,,7000.0,,,2026-07-30,2026-09-19T15:05:41+00:00,https://opendata.cbs.nl/#/CBS/nl/dataset/83599NED/table,0,
cbs_open_vacancies_ict_sector_region,cbs,2013Q1,2013-01-01,noord-holland,,1900.0,,,2026-07-30,2026-09-19T15:05:41+00:00,https://opendata.cbs.nl/#/CBS/nl/dataset/83599NED/table,0,
cbs_open_vacancies_ict_sector_region,cbs,2013Q2,2013-04-01,NL,,6900.0,,,2026-07-30,2026-09-19T15:05:41+00:00,https://opendata.cbs.nl/#/CBS/nl/dataset/83599NED/table,0,
cbs_open_vacancies_ict_sector_region,cbs,2013Q2,2013-04-01,noord-holland,,1900.0,,,2026-07-30,2026-09-19T15:05:41+00:00,https://opendata.cbs.nl/#/CBS/nl/dataset/83599NED/table,0,
cbs_open_vacancies_ict_sector_region,cbs,2013Q3,2013-07-01,NL,,7000.0,,,2026-07-30,2026-09-19T15:05:41+00:00,https://opendata.cbs.nl/#/CBS/nl/dataset/83599NED/table,0,
cbs_open_vacancies_ict_sector_region,cbs,2013Q3,2013-07-01,noord-holland,,1800.0,,,2026-07-30,2026-09-19T15:05:41+00:00,https://opendata.cbs.nl/#/CBS/nl/dataset/83599NED/table,0,
cbs_open_vacancies_ict_sector_region,cbs,2013Q4,2013-10-01,NL,,7100.0,,,2026-07-30,2026-09-19T15:05:41+00:00,https://opendata.cbs.nl/#/CBS/nl/dataset/83599NED/table,0,
cbs_open_vacancies_ict_sector_region,cbs,2013Q4,2013-10-01,noord-holland,,2000.0,,,2026-07-30,2026-09-19T15:05:41+00:00,https://opendata.cbs.nl/#/CBS/nl/dataset/83599NED/table,0,
cbs_open_vacancies_ict_sector_region,cbs,2014Q1,2014-01-01,NL,,8500.0,,,2026-07-30,2026-09-19T15:05:41+00:00,https://opendata.cbs.nl/#/CBS/nl/dataset/83599NED/table,0,
cbs_open_vacancies_ict_sector_region,cbs,2014Q1,2014-01-01,noord-holland,,2100.0,,,2026-07-30,2026-09-19T15:05:41+00:00,https://opendata.cbs.nl/#/CBS/nl/dataset/83599NED/table,0,
cbs_open_vacancies_ict_sector_region,cbs,2014Q2,2014-04-01,NL,,8600.0,,,2026-07-30,2026-09-19T15:05:41+00:00,https://opendata.cbs.nl/#/CBS/nl/dataset/83599NED/table,0,
cbs_open_vacancies_ict_sector_region,cbs,2014Q2,2014-04-01,noord-holland,,2200.0,,,2026-07-30,2026-09-19T15:05:41+00:00,https://opendata.cbs.nl/#/CBS/nl/dataset/83599NED/table,0,
cbs_open_vacancies_ict_sector_region,cbs,2014Q3,2014-07-01,NL,,8600.0,,,2026-07-30,2026-09-19T15:05:41+00:00,https://opendata.cbs.nl/#/CBS/nl/dataset/83599NED/table,0,
cbs_open_vacancies_ict_sector_region,cbs,2014Q3,2014-07-01,noord-holland,,2000.0,,,2026-07-30,2026-09-19T15:05:41+00:00,https://opendata.cbs.nl/#/CBS/nl/dataset/83599NED/table,0,
cbs_open_vacancies_ict_sector_region,cbs,2014Q4,2014-10-01,NL,,8800.0,,,2026-07-30,2026-09-19T15:05:41+00:00,https://opendata.cbs.nl/#/CBS/nl/dataset/83599NED/table,0,
cbs_open_vacancies_ict_sector_region,cbs,2014Q4,2014-10-01,noord-holland,,2300.0,,,2026-07-30,2026-09-19T15:05:41+00:00,https://opendata.cbs.nl/#/CBS/nl/dataset/83599NED/table,0,
cbs_open_vacancies_ict_sector_region,cbs,2015Q1,2015-01-01,NL,,10100.0,,,2026-07-30,2026-09-19T15:05:41+00:00,https://opendata.cbs.nl/#/CBS/nl/dataset/83599NED/table,0,
cbs_open_vacancies_ict_sector_region,cbs,2015Q1,2015-01-01,noord-holland,,2900.0,,,2026-07-30,2026-09-19T15:05:41+00:00,https://opendata.cbs.nl/#/CBS/nl/dataset/83599NED/table,0,
cbs_open_vacancies_ict_sector_region,cbs,2015Q2,2015-04-01,NL,,9500.0,,,2026-07-30,2026-09-19T15:05:41+00:00,https://opendata.cbs.nl/#/CBS/nl/dataset/83599NED/table,0,
cbs_open_vacancies_ict_sector_region,cbs,2015Q2,2015-04-01,noord-holland,,2600.0,,,2026-07-30,2026-09-19T15:05:41+00:00,https://opendata.cbs.nl/#/CBS/nl/dataset/83599NED/table,0,
cbs_open_vacancies_ict_sector_region,cbs,2015Q3,2015-07-01,NL,,10500.0,,,2026-07-30,2026-09-19T15:05:41+00:00,https://opendata.cbs.nl/#/CBS/nl/dataset/83599NED/table,0,
cbs_open_vacancies_ict_sector_region,cbs,2015Q3,2015-07-01,noord-holland,,2900.0,,,2026-07-30,2026-09-19T15:05:41+00:00,https://opendata.cbs.nl/#/CBS/nl/dataset/83599NED/table,0,
cbs_open_vacancies_ict_sector_region,cbs,2015Q4,2015-10-01,NL,,11600.0,,,2026-07-30,2026-09-19T15:05:41+00:00,https://opendata.cbs.nl/#/CBS/nl/dataset/83599NED/table,0,
cbs_open_vacancies_ict_sector_region,cbs,2015Q4,2015-10-01,noord-holland,,3200.0,,,2026-07-30,2026-09-19T15:05:41+00:00,https://opendata.cbs.nl/#/CBS/nl/dataset/83599NED/table,0,
cbs_open_vacancies_ict_sector_region,cbs,2016Q1,2016-01-01,NL,,12500.0,,,2026-07-30,2026-09-19T15:05:41+00:00,https://opendata.cbs.nl/#/CBS/nl/dataset/83599NED/table,0,
cbs_open_vacancies_ict_sector_region,cbs,2016Q1,2016-01-01,noord-holland,,3500.0,,,2026-07-30,2026-09-19T15:05:41+00:00,https://opendata.cbs.nl/#/CBS/nl/dataset/83599NED/table,0,
cbs_open_vacancies_ict_sector_region,cbs,2016Q2,2016-04-01,NL,,12200.0,,,2026-07-30,2026-09-19T15:05:41+00:00,https://opendata.cbs.nl/#/CBS/nl/dataset/83599NED/table,0,
cbs_open_vacancies_ict_sector_region,cbs,2016Q2,2016-04-01,noord-holland,,3700.0,,,2026-07-30,2026-09-19T15:05:41+00:00,https://opendata.cbs.nl/#/CBS/nl/dataset/83599NED/table,0,
cbs_open_vacancies_ict_sector_region,cbs,2016Q3,2016-07-01,NL,,11400.0,,,2026-07-30,2026-09-19T15:05:41+00:00,https://opendata.cbs.nl/#/CBS/nl/dataset/83599NED/table,0,
cbs_open_vacancies_ict_sector_region,cbs,2016Q3,2016-07-01,noord-holland,,3500.0,,,2026-07-30,2026-09-19T15:05:41+00:00,https://opendata.cbs.nl/#/CBS/nl/dataset/83599NED/table,0,
cbs_open_vacancies_ict_sector_region,cbs,2016Q4,2016-10-01,NL,,11300.0,,,2026-07-30,2026-09-19T15:05:41+00:00,https://opendata.cbs.nl/#/CBS/nl/dataset/83599NED/table,0,
cbs_open_vacancies_ict_sector_region,cbs,2016Q4,2016-10-01,noord-holland,,3300.0,,,2026-07-30,2026-09-19T15:05:41+00:00,https://opendata.cbs.nl/#/CBS/nl/dataset/83599NED/table,0,
cbs_open_vacancies_ict_sector_region,cbs,2017Q1,2017-01-01,NL,,13500.0,,,2026-07-30,2026-09-19T15:05:41+00:00,https://opendata.cbs.nl/#/CBS/nl/dataset/83599NED/table,0,
cbs_open_vacancies_ict_sector_region,cbs,2017Q1,2017-01-01,noord-holland,,4200.0,,,2026-07-30,2026-09-19T15:05:41+00:00,https://opendata.cbs.nl/#/CBS/nl/dataset/83599NED/table,0,
cbs_open_vacancies_ict_sector_region,cbs,2017Q2,2017-04-01,NL,,14100.0,,,2026-07-30,2026-09-19T15:05:41+00:00,https://opendata.cbs.nl/#/CBS/nl/dataset/83599NED/table,0,
cbs_open_vacancies_ict_sector_region,cbs,2017Q2,2017-04-01,noord-holland,,4300.0,,,2026-07-30,2026-09-19T15:05:41+00:00,https://opendata.cbs.nl/#/CBS/nl/dataset/83599NED/table,0,
cbs_open_vacancies_ict_sector_region,cbs,2017Q3,2017-07-01,NL,,13000.0,,,2026-07-30,2026-09-19T15:05:41+00:00,https://opendata.cbs.nl/#/CBS/nl/dataset/83599NED/table,0,
cbs_open_vacancies_ict_sector_region,cbs,2017Q3,2017-07-01,noord-holland,,4100.0,,,2026-07-30,2026-09-19T15:05:41+00:00,https://opendata.cbs.nl/#/CBS/nl/dataset/83599NED/table,0,
cbs_open_vacancies_ict_sector_region,cbs,2017Q4,2017-10-01,NL,,15000.0,,,2026-07-30,2026-09-19T15:05:41+00:00,https://opendata.cbs.nl/#/CBS/nl/dataset/83599NED/table,0,
cbs_open_vacancies_ict_sector_region,cbs,2017Q4,2017-10-01,noord-holland,,4800.0,,,2026-07-30,2026-09-19T15:05:41+00:00,https://opendata.cbs.nl/#/CBS/nl/dataset/83599NED/table,0,
cbs_open_vacancies_ict_sector_region,cbs,2018Q1,2018-01-01,NL,,17200.0,,,2026-07-30,2026-09-19T15:05:41+00:00,https://opendata.cbs.nl/#/CBS/nl/dataset/83599NED/table,0,
cbs_open_vacancies_ict_sector_region,cbs,2018Q1,2018-01-01,noord-holland,,5700.0,,,2026-07-30,2026-09-19T15:05:41+00:00,https://opendata.cbs.nl/#/CBS/nl/dataset/83599NED/table,0,
cbs_open_vacancies_ict_sector_region,cbs,2018Q2,2018-04-01,NL,,16900.0,,,2026-07-30,2026-09-19T15:05:41+00:00,https://opendata.cbs.nl/#/CBS/nl/dataset/83599NED/table,0,
cbs_open_vacancies_ict_sector_region,cbs,2018Q2,2018-04-01,noord-holland,,5600.0,,,2026-07-30,2026-09-19T15:05:41+00:00,https://opendata.cbs.nl/#/CBS/nl/dataset/83599NED/table,0,
cbs_open_vacancies_ict_sector_region,cbs,2018Q3,2018-07-01,NL,,16800.0,,,2026-07-30,2026-09-19T15:05:41+00:00,https://opendata.cbs.nl/#/CBS/nl/dataset/83599NED/table,0,
cbs_open_vacancies_ict_sector_region,cbs,2018Q3,2018-07-01,noord-holland,,5500.0,,,2026-07-30,2026-09-19T15:05:41+00:00,https://opendata.cbs.nl/#/CBS/nl/dataset/83599NED/table,0,
cbs_open_vacancies_ict_sector_region,cbs,2018Q4,2018-10-01,NL,,16700.0,,,2026-07-30,2026-09-19T15:05:41+00:00,https://opendata.cbs.nl/#/CBS/nl/dataset/83599NED/table,0,
cbs_open_vacancies_ict_sector_region,cbs,2018Q4,2018-10-01,noord-holland,,5500.0,,,2026-07-30,2026-09-19T15:05:41+00:00,https://opendata.cbs.nl/#/CBS/nl/dataset/83599NED/table,0,
cbs_open_vacancies_ict_sector_region,cbs,2019Q1,2019-01-01,NL,,18700.0,,,2026-07-30,2026-09-19T15:05:41+00:00,https://opendata.cbs.nl/#/CBS/nl/dataset/83599NED/table,0,
cbs_open_vacancies_ict_sector_region,cbs,2019Q1,2019-01-01,noord-holland,,6300.0,,,2026-07-30,2026-09-19T15:05:41+00:00,https://opendata.cbs.nl/#/CBS/nl/dataset/83599NED/table,0,
cbs_open_vacancies_ict_sector_region,cbs,2019Q2,2019-04-01,NL,,18300.0,,,2026-07-30,2026-09-19T15:05:41+00:00,https://opendata.cbs.nl/#/CBS/nl/dataset/83599NED/table,0,
cbs_open_vacancies_ict_sector_region,cbs,2019Q2,2019-04-01,noord-holland,,6100.0,,,2026-07-30,2026-09-19T15:05:41+00:00,https://opendata.cbs.nl/#/CBS/nl/dataset/83599NED/table,0,
cbs_open_vacancies_ict_sector_region,cbs,2019Q3,2019-07-01,NL,,18600.0,,,2026-07-30,2026-09-19T15:05:41+00:00,https://opendata.cbs.nl/#/CBS/nl/dataset/83599NED/table,0,
cbs_open_vacancies_ict_sector_region,cbs,2019Q3,2019-07-01,noord-holland,,6000.0,,,2026-07-30,2026-09-19T15:05:41+00:00,https://opendata.cbs.nl/#/CBS/nl/dataset/83599NED/table,0,
cbs_open_vacancies_ict_sector_region,cbs,2019Q4,2019-10-01,NL,,18200.0,,,2026-07-30,2026-09-19T15:05:41+00:00,https://opendata.cbs.nl/#/CBS/nl/dataset/83599NED/table,0,
cbs_open_vacancies_ict_sector_region,cbs,2019Q4,2019-10-01,noord-holland,,5800.0,,,2026-07-30,2026-09-19T15:05:41+00:00,https://opendata.cbs.nl/#/CBS/nl/dataset/83599NED/table,0,
cbs_open_vacancies_ict_sector_region,cbs,2020Q1,2020-01-01,NL,,15000.0,,,2026-07-30,2026-09-19T15:05:41+00:00,https://opendata.cbs.nl/#/CBS/nl/dataset/83599NED/table,0,
cbs_open_vacancies_ict_sector_region,cbs,2020Q1,2020-01-01,noord-holland,,4800.0,,,2026-07-30,2026-09-19T15:05:41+00:00,https://opendata.cbs.nl/#/CBS/nl/dataset/83599NED/table,0,
cbs_open_vacancies_ict_sector_region,cbs,2020Q2,2020-04-01,NL,,12300.0,,,2026-07-30,2026-09-19T15:05:41+00:00,https://opendata.cbs.nl/#/CBS/nl/dataset/83599NED/table,0,
cbs_open_vacancies_ict_sector_region,cbs,2020Q2,2020-04-01,noord-holland,,3500.0,,,2026-07-30,2026-09-19T15:05:41+00:00,https://opendata.cbs.nl/#/CBS/nl/dataset/83599NED/table,0,
cbs_open_vacancies_ict_sector_region,cbs,2020Q3,2020-07-01,NL,,13600.0,,,2026-07-30,2026-09-19T15:05:41+00:00,https://opendata.cbs.nl/#/CBS/nl/dataset/83599NED/table,0,
cbs_open_vacancies_ict_sector_region,cbs,2020Q3,2020-07-01,noord-holland,,3800.0,,,2026-07-30,2026-09-19T15:05:41+00:00,https://opendata.cbs.nl/#/CBS/nl/dataset/83599NED/table,0,
cbs_open_vacancies_ict_sector_region,cbs,2020Q4,2020-10-01,NL,,15700.0,,,2026-07-30,2026-09-19T15:05:41+00:00,https://opendata.cbs.nl/#/CBS/nl/dataset/83599NED/table,0,
cbs_open_vacancies_ict_sector_region,cbs,2020Q4,2020-10-01,noord-holland,,4700.0,,,2026-07-30,2026-09-19T15:05:41+00:00,https://opendata.cbs.nl/#/CBS/nl/dataset/83599NED/table,0,
cbs_open_vacancies_ict_sector_region,cbs,2021Q1,2021-01-01,NL,,18800.0,,,2026-07-30,2026-09-19T15:05:41+00:00,https://opendata.cbs.nl/#/CBS/nl/dataset/83599NED/table,0,
cbs_open_vacancies_ict_sector_region,cbs,2021Q1,2021-01-01,noord-holland,,5900.0,,,2026-07-30,2026-09-19T15:05:41+00:00,https://opendata.cbs.nl/#/CBS/nl/dataset/83599NED/table,0,
cbs_open_vacancies_ict_sector_region,cbs,2021Q2,2021-04-01,NL,,23300.0,,,2026-07-30,2026-09-19T15:05:41+00:00,https://opendata.cbs.nl/#/CBS/nl/dataset/83599NED/table,0,
cbs_open_vacancies_ict_sector_region,cbs,2021Q2,2021-04-01,noord-holland,,7500.0,,,2026-07-30,2026-09-19T15:05:41+00:00,https://opendata.cbs.nl/#/CBS/nl/dataset/83599NED/table,0,
cbs_open_vacancies_ict_sector_region,cbs,2021Q3,2021-07-01,NL,,23300.0,,,2026-07-30,2026-09-19T15:05:41+00:00,https://opendata.cbs.nl/#/CBS/nl/dataset/83599NED/table,0,
cbs_open_vacancies_ict_sector_region,cbs,2021Q3,2021-07-01,noord-holland,,7600.0,,,2026-07-30,2026-09-19T15:05:41+00:00,https://opendata.cbs.nl/#/CBS/nl/dataset/83599NED/table,0,
cbs_open_vacancies_ict_sector_region,cbs,2021Q4,2021-10-01,NL,,25600.0,,,2026-07-30,2026-09-19T15:05:41+00:00,https://opendata.cbs.nl/#/CBS/nl/dataset/83599NED/table,0,
cbs_open_vacancies_ict_sector_region,cbs,2021Q4,2021-10-01,noord-holland,,8700.0,,,2026-07-30,2026-09-19T15:05:41+00:00,https://opendata.cbs.nl/#/CBS/nl/dataset/83599NED/table,0,
cbs_open_vacancies_ict_sector_region,cbs,2022Q1,2022-01-01,NL,,28800.0,,,2026-07-30,2026-09-19T15:05:41+00:00,https://opendata.cbs.nl/#/CBS/nl/dataset/83599NED/table,0,voorlopig
cbs_open_vacancies_ict_sector_region,cbs,2022Q1,2022-01-01,noord-holland,,9000.0,,,2026-07-30,2026-09-19T15:05:41+00:00,https://opendata.cbs.nl/#/CBS/nl/dataset/83599NED/table,0,voorlopig
cbs_open_vacancies_ict_sector_region,cbs,2022Q2,2022-04-01,NL,,28800.0,,,2026-07-30,2026-09-19T15:05:41+00:00,https://opendata.cbs.nl/#/CBS/nl/dataset/83599NED/table,0,voorlopig
cbs_open_vacancies_ict_sector_region,cbs,2022Q2,2022-04-01,noord-holland,,9100.0,,,2026-07-30,2026-09-19T15:05:41+00:00,https://opendata.cbs.nl/#/CBS/nl/dataset/83599NED/table,0,voorlopig
cbs_open_vacancies_ict_sector_region,cbs,2022Q3,2022-07-01,NL,,26400.0,,,2026-07-30,2026-09-19T15:05:41+00:00,https://opendata.cbs.nl/#/CBS/nl/dataset/83599NED/table,0,voorlopig
cbs_open_vacancies_ict_sector_region,cbs,2022Q3,2022-07-01,noord-holland,,7600.0,,,2026-07-30,2026-09-19T15:05:41+00:00,https://opendata.cbs.nl/#/CBS/nl/dataset/83599NED/table,0,voorlopig
cbs_open_vacancies_ict_sector_region,cbs,2022Q4,2022-10-01,NL,,22900.0,,,2026-07-30,2026-09-19T15:05:41+00:00,https://opendata.cbs.nl/#/CBS/nl/dataset/83599NED/table,0,voorlopig
cbs_open_vacancies_ict_sector_region,cbs,2022Q4,2022-10-01,noord-holland,,6600.0,,,2026-07-30,2026-09-19T15:05:41+00:00,https://opendata.cbs.nl/#/CBS/nl/dataset/83599NED/table,0,voorlopig
cbs_open_vacancies_ict_sector_region,cbs,2023Q1,2023-01-01,NL,,23200.0,,,2026-07-30,2026-09-19T15:05:41+00:00,https://opendata.cbs.nl/#/CBS/nl/dataset/83599NED/table,0,voorlopig
cbs_open_vacancies_ict_sector_region,cbs,2023Q1,2023-01-01,noord-holland,,6900.0,,,2026-07-30,2026-09-19T15:05:41+00:00,https://opendata.cbs.nl/#/CBS/nl/dataset/83599NED/table,0,voorlopig
cbs_open_vacancies_ict_sector_region,cbs,2023Q2,2023-04-01,NL,,21600.0,,,2026-07-30,2026-09-19T15:05:41+00:00,https://opendata.cbs.nl/#/CBS/nl/dataset/83599NED/table,0,voorlopig
cbs_open_vacancies_ict_sector_region,cbs,2023Q2,2023-04-01,noord-holland,,6500.0,,,2026-07-30,2026-09-19T15:05:41+00:00,https://opendata.cbs.nl/#/CBS/nl/dataset/83599NED/table,0,voorlopig
cbs_open_vacancies_ict_sector_region,cbs,2023Q3,2023-07-01,NL,,20800.0,,,2026-07-30,2026-09-19T15:05:41+00:00,https://opendata.cbs.nl/#/CBS/nl/dataset/83599NED/table,0,voorlopig
cbs_open_vacancies_ict_sector_region,cbs,2023Q3,2023-07-01,noord-holland,,6100.0,,,2026-07-30,2026-09-19T15:05:41+00:00,https://opendata.cbs.nl/#/CBS/nl/dataset/83599NED/table,0,voorlopig
cbs_open_vacancies_ict_sector_region,cbs,2023Q4,2023-10-01,NL,,19600.0,,,2026-07-30,2026-09-19T15:05:41+00:00,https://opendata.cbs.nl/#/CBS/nl/dataset/83599NED/table,0,voorlopig
cbs_open_vacancies_ict_sector_region,cbs,2023Q4,2023-10-01,noord-holland,,5900.0,,,2026-07-30,2026-09-19T15:05:41+00:00,https://opendata.cbs.nl/#/CBS/nl/dataset/83599NED/table,0,voorlopig
cbs_open_vacancies_ict_sector_region,cbs,2024Q1,2024-01-01,NL,,20000.0,,,2026-07-30,2026-09-19T15:05:41+00:00,https://opendata.cbs.nl/#/CBS/nl/dataset/83599NED/table,0,voorlopig
cbs_open_vacancies_ict_sector_region,cbs,2024Q1,2024-01-01,noord-holland,,6300.0,,,2026-07-30,2026-09-19T15:05:41+00:00,https://opendata.cbs.nl/#/CBS/nl/dataset/83599NED/table,0,voorlopig
cbs_open_vacancies_ict_sector_region,cbs,2024Q2,2024-04-01,NL,,19400.0,,,2026-07-30,2026-09-19T15:05:41+00:00,https://opendata.cbs.nl/#/CBS/nl/dataset/83599NED/table,0,voorlopig
cbs_open_vacancies_ict_sector_region,cbs,2024Q2,2024-04-01,noord-holland,,6000.0,,,2026-07-30,2026-09-19T15:05:41+00:00,https://opendata.cbs.nl/#/CBS/nl/dataset/83599NED/table,0,voorlopig
cbs_open_vacancies_ict_sector_region,cbs,2024Q3,2024-07-01,NL,,17800.0,,,2026-07-30,2026-09-19T15:05:41+00:00,https://opendata.cbs.nl/#/CBS/nl/dataset/83599NED/table,0,voorlopig
cbs_open_vacancies_ict_sector_region,cbs,2024Q3,2024-07-01,noord-holland,,5700.0,,,2026-07-30,2026-09-19T15:05:41+00:00,https://opendata.cbs.nl/#/CBS/nl/dataset/83599NED/table,0,voorlopig
cbs_open_vacancies_ict_sector_region,cbs,2024Q4,2024-10-01,NL,,18100.0,,,2026-07-30,2026-09-19T15:05:41+00:00,https://opendata.cbs.nl/#/CBS/nl/dataset/83599NED/table,0,voorlopig
cbs_open_vacancies_ict_sector_region,cbs,2024Q4,2024-10-01,noord-holland,,5600.0,,,2026-07-30,2026-09-19T15:05:41+00:00,https://opendata.cbs.nl/#/CBS/nl/dataset/83599NED/table,0,voorlopig
cbs_open_vacancies_ict_sector_region,cbs,2025Q1,2025-01-01,NL,,18000.0,,,2026-07-30,2026-09-19T15:05:41+00:00,https://opendata.cbs.nl/#/CBS/nl/dataset/83599NED/table,0,voorlopig
cbs_open_vacancies_ict_sector_region,cbs,2025Q1,2025-01-01,noord-holland,,5700.0,,,2026-07-30,2026-09-19T15:05:41+00:00,https://opendata.cbs.nl/#/CBS/nl/dataset/83599NED/table,0,voorlopig
cbs_open_vacancies_ict_sector_region,cbs,2025Q2,2025-04-01,NL,,17900.0,,,2026-07-30,2026-09-19T15:05:41+00:00,https://opendata.cbs.nl/#/CBS/nl/dataset/83599NED/table,0,voorlopig
cbs_open_vacancies_ict_sector_region,cbs,2025Q2,2025-04-01,noord-holland,,5700.0,,,2026-07-30,2026-09-19T15:05:41+00:00,https://opendata.cbs.nl/#/CBS/nl/dataset/83599NED/table,0,voorlopig
cbs_open_vacancies_ict_sector_region,cbs,2025Q3,2025-07-01,NL,,16100.0,,,2026-07-30,2026-09-19T15:05:41+00:00,https://opendata.cbs.nl/#/CBS/nl/dataset/83599NED/table,0,voorlopig
cbs_open_vacancies_ict_sector_region,cbs,2025Q3,2025-07-01,noord-holland,,5000.0,,,2026-07-30,2026-09-19T15:05:41+00:00,https://opendata.cbs.nl/#/CBS/nl/dataset/83599NED/table,0,voorlopig
cbs_open_vacancies_ict_sector_region,cbs,2025Q4,2025-10-01,NL,,16400.0,,,2026-07-30,2026-09-19T15:05:41+00:00,https://opendata.cbs.nl/#/CBS/nl/dataset/83599NED/table,0,voorlopig
cbs_open_vacancies_ict_sector_region,cbs,2025Q4,2025-10-01,noord-holland,,5100.0,,,2026-07-30,2026-09-19T15:05:41+00:00,https://opendata.cbs.nl/#/CBS/nl/dataset/83599NED/table,0,voorlopig
cbs_open_vacancies_ict_sector_region,cbs,2026Q1,2026-01-01,NL,,17100.0,,,2026-07-30,2026-09-19T15:05:41+00:00,https://opendata.cbs.nl/#/CBS/nl/dataset/83599NED/table,0,voorlopig
cbs_open_vacancies_ict_sector_region,cbs,2026Q1,2026-01-01,noord-holland,,5300.0,,,2026-07-30,2026-09-19T15:05:41+00:00,https://opendata.cbs.nl/#/CBS/nl/dataset/83599NED/table,0,voorlopig
cbs_open_vacancies_ict_sector_region,cbs,2026Q2,2026-04-01,NL,,16700.0,,,2026-07-30,2026-09-19T15:05:41+00:00,https://opendata.cbs.nl/#/CBS/nl/dataset/83599NED/table,0,voorlopig
cbs_open_vacancies_ict_sector_region,cbs,2026Q2,2026-04-01,noord-holland,,5300.0,,,2026-07-30,2026-09-19T15:05:41+00:00,https://opendata.cbs.nl/#/CBS/nl/dataset/83599NED/table,0,voorlopig
cbs_vacancies_ict_sector,cbs,1997Q1,1997-01-01,NL,,3900.0,,,2026-07-30,2026-09-19T15:05:41+00:00,https://opendata.cbs.nl/#/CBS/nl/dataset/80474ned/table,0,
cbs_vacancies_ict_sector,cbs,1997Q2,1997-04-01,NL,,5200.0,,,2026-07-30,2026-09-19T15:05:41+00:00,https://opendata.cbs.nl/#/CBS/nl/dataset/80474ned/table,0,
cbs_vacancies_ict_sector,cbs,1997Q3,1997-07-01,NL,,6600.0,,,2026-07-30,2026-09-19T15:05:41+00:00,https://opendata.cbs.nl/#/CBS/nl/dataset/80474ned/table,0,
cbs_vacancies_ict_sector,cbs,1997Q4,1997-10-01,NL,,7300.0,,,2026-07-30,2026-09-19T15:05:41+00:00,https://opendata.cbs.nl/#/CBS/nl/dataset/80474ned/table,0,
cbs_vacancies_ict_sector,cbs,1998Q1,1998-01-01,NL,,11000.0,,,2026-07-30,2026-09-19T15:05:41+00:00,https://opendata.cbs.nl/#/CBS/nl/dataset/80474ned/table,0,
cbs_vacancies_ict_sector,cbs,1998Q2,1998-04-01,NL,,9700.0,,,2026-07-30,2026-09-19T15:05:41+00:00,https://opendata.cbs.nl/#/CBS/nl/dataset/80474ned/table,0,
cbs_vacancies_ict_sector,cbs,1998Q3,1998-07-01,NL,,11000.0,,,2026-07-30,2026-09-19T15:05:41+00:00,https://opendata.cbs.nl/#/CBS/nl/dataset/80474ned/table,0,
cbs_vacancies_ict_sector,cbs,1998Q4,1998-10-01,NL,,10900.0,,,2026-07-30,2026-09-19T15:05:41+00:00,https://opendata.cbs.nl/#/CBS/nl/dataset/80474ned/table,0,
cbs_vacancies_ict_sector,cbs,1999Q1,1999-01-01,NL,,10600.0,,,2026-07-30,2026-09-19T15:05:41+00:00,https://opendata.cbs.nl/#/CBS/nl/dataset/80474ned/table,0,
cbs_vacancies_ict_sector,cbs,1999Q2,1999-04-01,NL,,13500.0,,,2026-07-30,2026-09-19T15:05:41+00:00,https://opendata.cbs.nl/#/CBS/nl/dataset/80474ned/table,0,
cbs_vacancies_ict_sector,cbs,1999Q3,1999-07-01,NL,,12600.0,,,2026-07-30,2026-09-19T15:05:41+00:00,https://opendata.cbs.nl/#/CBS/nl/dataset/80474ned/table,0,
cbs_vacancies_ict_sector,cbs,1999Q4,1999-10-01,NL,,12000.0,,,2026-07-30,2026-09-19T15:05:41+00:00,https://opendata.cbs.nl/#/CBS/nl/dataset/80474ned/table,0,
cbs_vacancies_ict_sector,cbs,2000Q1,2000-01-01,NL,,13500.0,,,2026-07-30,2026-09-19T15:05:41+00:00,https://opendata.cbs.nl/#/CBS/nl/dataset/80474ned/table,0,
cbs_vacancies_ict_sector,cbs,2000Q2,2000-04-01,NL,,11600.0,,,2026-07-30,2026-09-19T15:05:41+00:00,https://opendata.cbs.nl/#/CBS/nl/dataset/80474ned/table,0,
cbs_vacancies_ict_sector,cbs,2000Q3,2000-07-01,NL,,10900.0,,,2026-07-30,2026-09-19T15:05:41+00:00,https://opendata.cbs.nl/#/CBS/nl/dataset/80474ned/table,0,
cbs_vacancies_ict_sector,cbs,2000Q4,2000-10-01,NL,,11900.0,,,2026-07-30,2026-09-19T15:05:41+00:00,https://opendata.cbs.nl/#/CBS/nl/dataset/80474ned/table,0,
cbs_vacancies_ict_sector,cbs,2001Q1,2001-01-01,NL,,13900.0,,,2026-07-30,2026-09-19T15:05:41+00:00,https://opendata.cbs.nl/#/CBS/nl/dataset/80474ned/table,0,
cbs_vacancies_ict_sector,cbs,2001Q2,2001-04-01,NL,,11500.0,,,2026-07-30,2026-09-19T15:05:41+00:00,https://opendata.cbs.nl/#/CBS/nl/dataset/80474ned/table,0,
cbs_vacancies_ict_sector,cbs,2001Q3,2001-07-01,NL,,8500.0,,,2026-07-30,2026-09-19T15:05:41+00:00,https://opendata.cbs.nl/#/CBS/nl/dataset/80474ned/table,0,
cbs_vacancies_ict_sector,cbs,2001Q4,2001-10-01,NL,,7200.0,,,2026-07-30,2026-09-19T15:05:41+00:00,https://opendata.cbs.nl/#/CBS/nl/dataset/80474ned/table,0,
cbs_vacancies_ict_sector,cbs,2002Q1,2002-01-01,NL,,6300.0,,,2026-07-30,2026-09-19T15:05:41+00:00,https://opendata.cbs.nl/#/CBS/nl/dataset/80474ned/table,0,
cbs_vacancies_ict_sector,cbs,2002Q2,2002-04-01,NL,,5200.0,,,2026-07-30,2026-09-19T15:05:41+00:00,https://opendata.cbs.nl/#/CBS/nl/dataset/80474ned/table,0,
cbs_vacancies_ict_sector,cbs,2002Q3,2002-07-01,NL,,3300.0,,,2026-07-30,2026-09-19T15:05:41+00:00,https://opendata.cbs.nl/#/CBS/nl/dataset/80474ned/table,0,
cbs_vacancies_ict_sector,cbs,2002Q4,2002-10-01,NL,,4100.0,,,2026-07-30,2026-09-19T15:05:41+00:00,https://opendata.cbs.nl/#/CBS/nl/dataset/80474ned/table,0,
cbs_vacancies_ict_sector,cbs,2003Q1,2003-01-01,NL,,3500.0,,,2026-07-30,2026-09-19T15:05:41+00:00,https://opendata.cbs.nl/#/CBS/nl/dataset/80474ned/table,0,
cbs_vacancies_ict_sector,cbs,2003Q2,2003-04-01,NL,,4100.0,,,2026-07-30,2026-09-19T15:05:41+00:00,https://opendata.cbs.nl/#/CBS/nl/dataset/80474ned/table,0,
cbs_vacancies_ict_sector,cbs,2003Q3,2003-07-01,NL,,2900.0,,,2026-07-30,2026-09-19T15:05:41+00:00,https://opendata.cbs.nl/#/CBS/nl/dataset/80474ned/table,0,
cbs_vacancies_ict_sector,cbs,2003Q4,2003-10-01,NL,,4300.0,,,2026-07-30,2026-09-19T15:05:41+00:00,https://opendata.cbs.nl/#/CBS/nl/dataset/80474ned/table,0,
cbs_vacancies_ict_sector,cbs,2004Q1,2004-01-01,NL,,5000.0,,,2026-07-30,2026-09-19T15:05:41+00:00,https://opendata.cbs.nl/#/CBS/nl/dataset/80474ned/table,0,
cbs_vacancies_ict_sector,cbs,2004Q2,2004-04-01,NL,,5300.0,,,2026-07-30,2026-09-19T15:05:41+00:00,https://opendata.cbs.nl/#/CBS/nl/dataset/80474ned/table,0,
cbs_vacancies_ict_sector,cbs,2004Q3,2004-07-01,NL,,6500.0,,,2026-07-30,2026-09-19T15:05:41+00:00,https://opendata.cbs.nl/#/CBS/nl/dataset/80474ned/table,0,
cbs_vacancies_ict_sector,cbs,2004Q4,2004-10-01,NL,,6400.0,,,2026-07-30,2026-09-19T15:05:41+00:00,https://opendata.cbs.nl/#/CBS/nl/dataset/80474ned/table,0,
cbs_vacancies_ict_sector,cbs,2005Q1,2005-01-01,NL,,9100.0,,,2026-07-30,2026-09-19T15:05:41+00:00,https://opendata.cbs.nl/#/CBS/nl/dataset/80474ned/table,0,
cbs_vacancies_ict_sector,cbs,2005Q2,2005-04-01,NL,,8200.0,,,2026-07-30,2026-09-19T15:05:41+00:00,https://opendata.cbs.nl/#/CBS/nl/dataset/80474ned/table,0,
cbs_vacancies_ict_sector,cbs,2005Q3,2005-07-01,NL,,9900.0,,,2026-07-30,2026-09-19T15:05:41+00:00,https://opendata.cbs.nl/#/CBS/nl/dataset/80474ned/table,0,
cbs_vacancies_ict_sector,cbs,2005Q4,2005-10-01,NL,,10600.0,,,2026-07-30,2026-09-19T15:05:41+00:00,https://opendata.cbs.nl/#/CBS/nl/dataset/80474ned/table,0,
cbs_vacancies_ict_sector,cbs,2006Q1,2006-01-01,NL,,12600.0,,,2026-07-30,2026-09-19T15:05:41+00:00,https://opendata.cbs.nl/#/CBS/nl/dataset/80474ned/table,0,
cbs_vacancies_ict_sector,cbs,2006Q2,2006-04-01,NL,,12600.0,,,2026-07-30,2026-09-19T15:05:41+00:00,https://opendata.cbs.nl/#/CBS/nl/dataset/80474ned/table,0,
cbs_vacancies_ict_sector,cbs,2006Q3,2006-07-01,NL,,13300.0,,,2026-07-30,2026-09-19T15:05:41+00:00,https://opendata.cbs.nl/#/CBS/nl/dataset/80474ned/table,0,
cbs_vacancies_ict_sector,cbs,2006Q4,2006-10-01,NL,,13000.0,,,2026-07-30,2026-09-19T15:05:41+00:00,https://opendata.cbs.nl/#/CBS/nl/dataset/80474ned/table,0,
cbs_vacancies_ict_sector,cbs,2007Q1,2007-01-01,NL,,11800.0,,,2026-07-30,2026-09-19T15:05:41+00:00,https://opendata.cbs.nl/#/CBS/nl/dataset/80474ned/table,0,
cbs_vacancies_ict_sector,cbs,2007Q2,2007-04-01,NL,,13300.0,,,2026-07-30,2026-09-19T15:05:41+00:00,https://opendata.cbs.nl/#/CBS/nl/dataset/80474ned/table,0,
cbs_vacancies_ict_sector,cbs,2007Q3,2007-07-01,NL,,13500.0,,,2026-07-30,2026-09-19T15:05:41+00:00,https://opendata.cbs.nl/#/CBS/nl/dataset/80474ned/table,0,
cbs_vacancies_ict_sector,cbs,2007Q4,2007-10-01,NL,,14400.0,,,2026-07-30,2026-09-19T15:05:41+00:00,https://opendata.cbs.nl/#/CBS/nl/dataset/80474ned/table,0,
cbs_vacancies_ict_sector,cbs,2008Q1,2008-01-01,NL,,13400.0,,,2026-07-30,2026-09-19T15:05:41+00:00,https://opendata.cbs.nl/#/CBS/nl/dataset/80474ned/table,0,
cbs_vacancies_ict_sector,cbs,2008Q2,2008-04-01,NL,,16400.0,,,2026-07-30,2026-09-19T15:05:41+00:00,https://opendata.cbs.nl/#/CBS/nl/dataset/80474ned/table,0,
cbs_vacancies_ict_sector,cbs,2008Q3,2008-07-01,NL,,14500.0,,,2026-07-30,2026-09-19T15:05:41+00:00,https://opendata.cbs.nl/#/CBS/nl/dataset/80474ned/table,0,
cbs_vacancies_ict_sector,cbs,2008Q4,2008-10-01,NL,,11100.0,,,2026-07-30,2026-09-19T15:05:41+00:00,https://opendata.cbs.nl/#/CBS/nl/dataset/80474ned/table,0,
cbs_vacancies_ict_sector,cbs,2009Q1,2009-01-01,NL,,6700.0,,,2026-07-30,2026-09-19T15:05:41+00:00,https://opendata.cbs.nl/#/CBS/nl/dataset/80474ned/table,0,
cbs_vacancies_ict_sector,cbs,2009Q2,2009-04-01,NL,,5300.0,,,2026-07-30,2026-09-19T15:05:41+00:00,https://opendata.cbs.nl/#/CBS/nl/dataset/80474ned/table,0,
cbs_vacancies_ict_sector,cbs,2009Q3,2009-07-01,NL,,6100.0,,,2026-07-30,2026-09-19T15:05:41+00:00,https://opendata.cbs.nl/#/CBS/nl/dataset/80474ned/table,0,
cbs_vacancies_ict_sector,cbs,2009Q4,2009-10-01,NL,,6000.0,,,2026-07-30,2026-09-19T15:05:41+00:00,https://opendata.cbs.nl/#/CBS/nl/dataset/80474ned/table,0,
cbs_vacancies_ict_sector,cbs,2010Q1,2010-01-01,NL,,6900.0,,,2026-07-30,2026-09-19T15:05:41+00:00,https://opendata.cbs.nl/#/CBS/nl/dataset/80474ned/table,0,
cbs_vacancies_ict_sector,cbs,2010Q2,2010-04-01,NL,,7600.0,,,2026-07-30,2026-09-19T15:05:41+00:00,https://opendata.cbs.nl/#/CBS/nl/dataset/80474ned/table,0,
cbs_vacancies_ict_sector,cbs,2010Q3,2010-07-01,NL,,7800.0,,,2026-07-30,2026-09-19T15:05:41+00:00,https://opendata.cbs.nl/#/CBS/nl/dataset/80474ned/table,0,
cbs_vacancies_ict_sector,cbs,2010Q4,2010-10-01,NL,,6700.0,,,2026-07-30,2026-09-19T15:05:41+00:00,https://opendata.cbs.nl/#/CBS/nl/dataset/80474ned/table,0,
cbs_vacancies_ict_sector,cbs,2011Q1,2011-01-01,NL,,9200.0,,,2026-07-30,2026-09-19T15:05:41+00:00,https://opendata.cbs.nl/#/CBS/nl/dataset/80474ned/table,0,
cbs_vacancies_ict_sector,cbs,2011Q2,2011-04-01,NL,,9300.0,,,2026-07-30,2026-09-19T15:05:41+00:00,https://opendata.cbs.nl/#/CBS/nl/dataset/80474ned/table,0,
cbs_vacancies_ict_sector,cbs,2011Q3,2011-07-01,NL,,8800.0,,,2026-07-30,2026-09-19T15:05:41+00:00,https://opendata.cbs.nl/#/CBS/nl/dataset/80474ned/table,0,
cbs_vacancies_ict_sector,cbs,2011Q4,2011-10-01,NL,,7800.0,,,2026-07-30,2026-09-19T15:05:41+00:00,https://opendata.cbs.nl/#/CBS/nl/dataset/80474ned/table,0,
cbs_vacancies_ict_sector,cbs,2012Q1,2012-01-01,NL,,7700.0,,,2026-07-30,2026-09-19T15:05:41+00:00,https://opendata.cbs.nl/#/CBS/nl/dataset/80474ned/table,0,
cbs_vacancies_ict_sector,cbs,2012Q2,2012-04-01,NL,,7500.0,,,2026-07-30,2026-09-19T15:05:41+00:00,https://opendata.cbs.nl/#/CBS/nl/dataset/80474ned/table,0,
cbs_vacancies_ict_sector,cbs,2012Q3,2012-07-01,NL,,7700.0,,,2026-07-30,2026-09-19T15:05:41+00:00,https://opendata.cbs.nl/#/CBS/nl/dataset/80474ned/table,0,
cbs_vacancies_ict_sector,cbs,2012Q4,2012-10-01,NL,,7900.0,,,2026-07-30,2026-09-19T15:05:41+00:00,https://opendata.cbs.nl/#/CBS/nl/dataset/80474ned/table,0,
cbs_vacancies_ict_sector,cbs,2013Q1,2013-01-01,NL,,7000.0,,,2026-07-30,2026-09-19T15:05:41+00:00,https://opendata.cbs.nl/#/CBS/nl/dataset/80474ned/table,0,
cbs_vacancies_ict_sector,cbs,2013Q2,2013-04-01,NL,,6700.0,,,2026-07-30,2026-09-19T15:05:41+00:00,https://opendata.cbs.nl/#/CBS/nl/dataset/80474ned/table,0,
cbs_vacancies_ict_sector,cbs,2013Q3,2013-07-01,NL,,6900.0,,,2026-07-30,2026-09-19T15:05:41+00:00,https://opendata.cbs.nl/#/CBS/nl/dataset/80474ned/table,0,
cbs_vacancies_ict_sector,cbs,2013Q4,2013-10-01,NL,,7400.0,,,2026-07-30,2026-09-19T15:05:41+00:00,https://opendata.cbs.nl/#/CBS/nl/dataset/80474ned/table,0,
cbs_vacancies_ict_sector,cbs,2014Q1,2014-01-01,NL,,8300.0,,,2026-07-30,2026-09-19T15:05:41+00:00,https://opendata.cbs.nl/#/CBS/nl/dataset/80474ned/table,0,
cbs_vacancies_ict_sector,cbs,2014Q2,2014-04-01,NL,,8400.0,,,2026-07-30,2026-09-19T15:05:41+00:00,https://opendata.cbs.nl/#/CBS/nl/dataset/80474ned/table,0,
cbs_vacancies_ict_sector,cbs,2014Q3,2014-07-01,NL,,8600.0,,,2026-07-30,2026-09-19T15:05:41+00:00,https://opendata.cbs.nl/#/CBS/nl/dataset/80474ned/table,0,
cbs_vacancies_ict_sector,cbs,2014Q4,2014-10-01,NL,,9200.0,,,2026-07-30,2026-09-19T15:05:41+00:00,https://opendata.cbs.nl/#/CBS/nl/dataset/80474ned/table,0,
cbs_vacancies_ict_sector,cbs,2015Q1,2015-01-01,NL,,10100.0,,,2026-07-30,2026-09-19T15:05:41+00:00,https://opendata.cbs.nl/#/CBS/nl/dataset/80474ned/table,0,
cbs_vacancies_ict_sector,cbs,2015Q2,2015-04-01,NL,,9400.0,,,2026-07-30,2026-09-19T15:05:41+00:00,https://opendata.cbs.nl/#/CBS/nl/dataset/80474ned/table,0,
cbs_vacancies_ict_sector,cbs,2015Q3,2015-07-01,NL,,10500.0,,,2026-07-30,2026-09-19T15:05:41+00:00,https://opendata.cbs.nl/#/CBS/nl/dataset/80474ned/table,0,
cbs_vacancies_ict_sector,cbs,2015Q4,2015-10-01,NL,,11700.0,,,2026-07-30,2026-09-19T15:05:41+00:00,https://opendata.cbs.nl/#/CBS/nl/dataset/80474ned/table,0,
cbs_vacancies_ict_sector,cbs,2016Q1,2016-01-01,NL,,12100.0,,,2026-07-30,2026-09-19T15:05:41+00:00,https://opendata.cbs.nl/#/CBS/nl/dataset/80474ned/table,0,
cbs_vacancies_ict_sector,cbs,2016Q2,2016-04-01,NL,,12000.0,,,2026-07-30,2026-09-19T15:05:41+00:00,https://opendata.cbs.nl/#/CBS/nl/dataset/80474ned/table,0,
cbs_vacancies_ict_sector,cbs,2016Q3,2016-07-01,NL,,11500.0,,,2026-07-30,2026-09-19T15:05:41+00:00,https://opendata.cbs.nl/#/CBS/nl/dataset/80474ned/table,0,
cbs_vacancies_ict_sector,cbs,2016Q4,2016-10-01,NL,,11800.0,,,2026-07-30,2026-09-19T15:05:41+00:00,https://opendata.cbs.nl/#/CBS/nl/dataset/80474ned/table,0,
cbs_vacancies_ict_sector,cbs,2017Q1,2017-01-01,NL,,13000.0,,,2026-07-30,2026-09-19T15:05:41+00:00,https://opendata.cbs.nl/#/CBS/nl/dataset/80474ned/table,0,
cbs_vacancies_ict_sector,cbs,2017Q2,2017-04-01,NL,,13800.0,,,2026-07-30,2026-09-19T15:05:41+00:00,https://opendata.cbs.nl/#/CBS/nl/dataset/80474ned/table,0,
cbs_vacancies_ict_sector,cbs,2017Q3,2017-07-01,NL,,13400.0,,,2026-07-30,2026-09-19T15:05:41+00:00,https://opendata.cbs.nl/#/CBS/nl/dataset/80474ned/table,0,
cbs_vacancies_ict_sector,cbs,2017Q4,2017-10-01,NL,,15500.0,,,2026-07-30,2026-09-19T15:05:41+00:00,https://opendata.cbs.nl/#/CBS/nl/dataset/80474ned/table,0,
cbs_vacancies_ict_sector,cbs,2018Q1,2018-01-01,NL,,16400.0,,,2026-07-30,2026-09-19T15:05:41+00:00,https://opendata.cbs.nl/#/CBS/nl/dataset/80474ned/table,0,
cbs_vacancies_ict_sector,cbs,2018Q2,2018-04-01,NL,,16700.0,,,2026-07-30,2026-09-19T15:05:41+00:00,https://opendata.cbs.nl/#/CBS/nl/dataset/80474ned/table,0,
cbs_vacancies_ict_sector,cbs,2018Q3,2018-07-01,NL,,17300.0,,,2026-07-30,2026-09-19T15:05:41+00:00,https://opendata.cbs.nl/#/CBS/nl/dataset/80474ned/table,0,
cbs_vacancies_ict_sector,cbs,2018Q4,2018-10-01,NL,,17200.0,,,2026-07-30,2026-09-19T15:05:41+00:00,https://opendata.cbs.nl/#/CBS/nl/dataset/80474ned/table,0,
cbs_vacancies_ict_sector,cbs,2019Q1,2019-01-01,NL,,18400.0,,,2026-07-30,2026-09-19T15:05:41+00:00,https://opendata.cbs.nl/#/CBS/nl/dataset/80474ned/table,0,
cbs_vacancies_ict_sector,cbs,2019Q2,2019-04-01,NL,,18000.0,,,2026-07-30,2026-09-19T15:05:41+00:00,https://opendata.cbs.nl/#/CBS/nl/dataset/80474ned/table,0,
cbs_vacancies_ict_sector,cbs,2019Q3,2019-07-01,NL,,18800.0,,,2026-07-30,2026-09-19T15:05:41+00:00,https://opendata.cbs.nl/#/CBS/nl/dataset/80474ned/table,0,
cbs_vacancies_ict_sector,cbs,2019Q4,2019-10-01,NL,,18400.0,,,2026-07-30,2026-09-19T15:05:41+00:00,https://opendata.cbs.nl/#/CBS/nl/dataset/80474ned/table,0,
cbs_vacancies_ict_sector,cbs,2020Q1,2020-01-01,NL,,14300.0,,,2026-07-30,2026-09-19T15:05:41+00:00,https://opendata.cbs.nl/#/CBS/nl/dataset/80474ned/table,0,
cbs_vacancies_ict_sector,cbs,2020Q2,2020-04-01,NL,,12700.0,,,2026-07-30,2026-09-19T15:05:41+00:00,https://opendata.cbs.nl/#/CBS/nl/dataset/80474ned/table,0,
cbs_vacancies_ict_sector,cbs,2020Q3,2020-07-01,NL,,13900.0,,,2026-07-30,2026-09-19T15:05:41+00:00,https://opendata.cbs.nl/#/CBS/nl/dataset/80474ned/table,0,
cbs_vacancies_ict_sector,cbs,2020Q4,2020-10-01,NL,,15800.0,,,2026-07-30,2026-09-19T15:05:41+00:00,https://opendata.cbs.nl/#/CBS/nl/dataset/80474ned/table,0,
cbs_vacancies_ict_sector,cbs,2021Q1,2021-01-01,NL,,18100.0,,,2026-07-30,2026-09-19T15:05:41+00:00,https://opendata.cbs.nl/#/CBS/nl/dataset/80474ned/table,0,
cbs_vacancies_ict_sector,cbs,2021Q2,2021-04-01,NL,,23500.0,,,2026-07-30,2026-09-19T15:05:41+00:00,https://opendata.cbs.nl/#/CBS/nl/dataset/80474ned/table,0,
cbs_vacancies_ict_sector,cbs,2021Q3,2021-07-01,NL,,23700.0,,,2026-07-30,2026-09-19T15:05:41+00:00,https://opendata.cbs.nl/#/CBS/nl/dataset/80474ned/table,0,
cbs_vacancies_ict_sector,cbs,2021Q4,2021-10-01,NL,,25700.0,,,2026-07-30,2026-09-19T15:05:41+00:00,https://opendata.cbs.nl/#/CBS/nl/dataset/80474ned/table,0,
cbs_vacancies_ict_sector,cbs,2022Q1,2022-01-01,NL,,28300.0,,,2026-07-30,2026-09-19T15:05:41+00:00,https://opendata.cbs.nl/#/CBS/nl/dataset/80474ned/table,0,
cbs_vacancies_ict_sector,cbs,2022Q2,2022-04-01,NL,,28400.0,,,2026-07-30,2026-09-19T15:05:41+00:00,https://opendata.cbs.nl/#/CBS/nl/dataset/80474ned/table,0,
cbs_vacancies_ict_sector,cbs,2022Q3,2022-07-01,NL,,26600.0,,,2026-07-30,2026-09-19T15:05:41+00:00,https://opendata.cbs.nl/#/CBS/nl/dataset/80474ned/table,0,
cbs_vacancies_ict_sector,cbs,2022Q4,2022-10-01,NL,,23400.0,,,2026-07-30,2026-09-19T15:05:41+00:00,https://opendata.cbs.nl/#/CBS/nl/dataset/80474ned/table,0,
cbs_vacancies_ict_sector,cbs,2023Q1,2023-01-01,NL,,22700.0,,,2026-07-30,2026-09-19T15:05:41+00:00,https://opendata.cbs.nl/#/CBS/nl/dataset/80474ned/table,0,
cbs_vacancies_ict_sector,cbs,2023Q2,2023-04-01,NL,,21300.0,,,2026-07-30,2026-09-19T15:05:41+00:00,https://opendata.cbs.nl/#/CBS/nl/dataset/80474ned/table,0,
cbs_vacancies_ict_sector,cbs,2023Q3,2023-07-01,NL,,21000.0,,,2026-07-30,2026-09-19T15:05:41+00:00,https://opendata.cbs.nl/#/CBS/nl/dataset/80474ned/table,0,
cbs_vacancies_ict_sector,cbs,2023Q4,2023-10-01,NL,,20200.0,,,2026-07-30,2026-09-19T15:05:41+00:00,https://opendata.cbs.nl/#/CBS/nl/dataset/80474ned/table,0,
cbs_vacancies_ict_sector,cbs,2024Q1,2024-01-01,NL,,19600.0,,,2026-07-30,2026-09-19T15:05:41+00:00,https://opendata.cbs.nl/#/CBS/nl/dataset/80474ned/table,0,
cbs_vacancies_ict_sector,cbs,2024Q2,2024-04-01,NL,,19100.0,,,2026-07-30,2026-09-19T15:05:41+00:00,https://opendata.cbs.nl/#/CBS/nl/dataset/80474ned/table,0,
cbs_vacancies_ict_sector,cbs,2024Q3,2024-07-01,NL,,18200.0,,,2026-07-30,2026-09-19T15:05:41+00:00,https://opendata.cbs.nl/#/CBS/nl/dataset/80474ned/table,0,
cbs_vacancies_ict_sector,cbs,2024Q4,2024-10-01,NL,,18600.0,,,2026-07-30,2026-09-19T15:05:41+00:00,https://opendata.cbs.nl/#/CBS/nl/dataset/80474ned/table,0,
cbs_vacancies_ict_sector,cbs,2025Q1,2025-01-01,NL,,17500.0,,,2026-07-30,2026-09-19T15:05:41+00:00,https://opendata.cbs.nl/#/CBS/nl/dataset/80474ned/table,0,
cbs_vacancies_ict_sector,cbs,2025Q2,2025-04-01,NL,,17500.0,,,2026-07-30,2026-09-19T15:05:41+00:00,https://opendata.cbs.nl/#/CBS/nl/dataset/80474ned/table,0,
cbs_vacancies_ict_sector,cbs,2025Q3,2025-07-01,NL,,16600.0,,,2026-07-30,2026-09-19T15:05:41+00:00,https://opendata.cbs.nl/#/CBS/nl/dataset/80474ned/table,0,
cbs_vacancies_ict_sector,cbs,2025Q4,2025-10-01,NL,,16700.0,,,2026-07-30,2026-09-19T15:05:41+00:00,https://opendata.cbs.nl/#/CBS/nl/dataset/80474ned/table,0,
cbs_vacancies_ict_sector,cbs,2026Q1,2026-01-01,NL,,16700.0,,,2026-07-30,2026-09-19T15:05:41+00:00,https://opendata.cbs.nl/#/CBS/nl/dataset/80474ned/table,0,voorlopig
cbs_vacancies_ict_sector,cbs,2026Q2,2026-04-01,NL,,16300.0,,,2026-07-30,2026-09-19T15:05:41+00:00,https://opendata.cbs.nl/#/CBS/nl/dataset/80474ned/table,0,voorlopig
hbo_job_match,hbo_monitor,2024,2024-01-01,NL,informatica,80.0,,100,2025-06-01,2026-09-19T15:05:42+00:00,https://example.invalid/replace-with-real-source,1,VOORBEELDWAARDE - vervang door echt HBO-Monitor-cijfer
hbo_job_match,hbo_monitor,2024,2024-01-01,NL,business-it-management,80.0,,100,2025-06-01,2026-09-19T15:05:42+00:00,https://example.invalid/replace-with-real-source,1,VOORBEELDWAARDE - vervang door echt HBO-Monitor-cijfer
hbo_job_match,hbo_monitor,2024,2024-01-01,NL,technische-informatica,80.0,,100,2025-06-01,2026-09-19T15:05:42+00:00,https://example.invalid/replace-with-real-source,1,VOORBEELDWAARDE - vervang door echt HBO-Monitor-cijfer
hbo_starting_salary,hbo_monitor,2024,2024-01-01,NL,informatica,3000.0,,100,2025-06-01,2026-09-19T15:05:42+00:00,https://example.invalid/replace-with-real-source,1,VOORBEELDWAARDE - vervang door echt HBO-Monitor-cijfer
hbo_starting_salary,hbo_monitor,2024,2024-01-01,NL,business-it-management,3000.0,,100,2025-06-01,2026-09-19T15:05:42+00:00,https://example.invalid/replace-with-real-source,1,VOORBEELDWAARDE - vervang door echt HBO-Monitor-cijfer
hbo_starting_salary,hbo_monitor,2024,2024-01-01,NL,technische-informatica,3000.0,,100,2025-06-01,2026-09-19T15:05:42+00:00,https://example.invalid/replace-with-real-source,1,VOORBEELDWAARDE - vervang door echt HBO-Monitor-cijfer
roa_outlook,roa,2025-2030,2025-01-01,NL,informatica,,voorbeeld,,2025-12-01,2026-09-19T15:05:42+00:00,https://example.invalid/replace-with-real-source,1,VOORBEELDWAARDE - vervang door echte ROA-prognose
roa_outlook,roa,2025-2030,2025-01-01,NL,business-it-management,,voorbeeld,,2025-12-01,2026-09-19T15:05:42+00:00,https://example.invalid/replace-with-real-source,1,VOORBEELDWAARDE - vervang door echte ROA-prognose
roa_outlook,roa,2025-2030,2025-01-01,NL,technische-informatica,,voorbeeld,,2025-12-01,2026-09-19T15:05:42+00:00,https://example.invalid/replace-with-real-source,1,VOORBEELDWAARDE - vervang door echte ROA-prognose
uwv_tension,uwv,2026Q2,2026-04-01,noord-holland,ict-occupations,,voorbeeld,,2026-08-01,2026-09-19T15:05:42+00:00,https://example.invalid/replace-with-real-source,1,VOORBEELDWAARDE - vervang door echte UWV-spanningsindicator
uwv_tension,uwv,2026Q2,2026-04-01,NL,ict-occupations,,voorbeeld,,2026-08-01,2026-09-19T15:05:42+00:00,https://example.invalid/replace-with-real-source,1,VOORBEELDWAARDE - vervang door echte UWV-spanningsindicator
